Using pre-set license
Built from '2022.3/respin/2022.3.62f2-4af31df585-v2' branch; Version is '2022.3.62f2 (7670c08855a9) revision 7762112'; Using compiler version '192829333'; Build Type 'Release'
OS: 'Windows 11  (10.0.26100) 64bit Core' Language: 'en' Physical Memory: 14157 MB
BatchMode: 1, IsHumanControllingUs: 0, StartBugReporterOnCrash: 0, Is64bit: 1, IsPro: 1

COMMAND LINE ARGUMENTS:
C:\Program Files\Unity\Hub\Editor\2022.3.62f2\Editor\Unity.exe
-adb2
-batchMode
-noUpm
-name
AssetImportWorker0
-projectPath
C:/Users/Lenovo/Documents/Roll-A-Ball
-logFile
Logs/AssetImportWorker0.log
-srvPort
57964
Successfully changed project path to: C:/Users/Lenovo/Documents/Roll-A-Ball
C:/Users/Lenovo/Documents/Roll-A-Ball
[UnityMemory] Configuration Parameters - Can be set up in boot.config
    "memorysetup-bucket-allocator-granularity=16"
    "memorysetup-bucket-allocator-bucket-count=8"
    "memorysetup-bucket-allocator-block-size=33554432"
    "memorysetup-bucket-allocator-block-count=8"
    "memorysetup-main-allocator-block-size=16777216"
    "memorysetup-thread-allocator-block-size=16777216"
    "memorysetup-gfx-main-allocator-block-size=16777216"
    "memorysetup-gfx-thread-allocator-block-size=16777216"
    "memorysetup-cache-allocator-block-size=4194304"
    "memorysetup-typetree-allocator-block-size=2097152"
    "memorysetup-profiler-bucket-allocator-granularity=16"
    "memorysetup-profiler-bucket-allocator-bucket-count=8"
    "memorysetup-profiler-bucket-allocator-block-size=33554432"
    "memorysetup-profiler-bucket-allocator-block-count=8"
    "memorysetup-profiler-allocator-block-size=16777216"
    "memorysetup-profiler-editor-allocator-block-size=1048576"
    "memorysetup-temp-allocator-size-main=16777216"
    "memorysetup-job-temp-allocator-block-size=2097152"
    "memorysetup-job-temp-allocator-block-size-background=1048576"
    "memorysetup-job-temp-allocator-reduction-small-platforms=262144"
    "memorysetup-allocator-temp-initial-block-size-main=262144"
    "memorysetup-allocator-temp-initial-block-size-worker=262144"
    "memorysetup-temp-allocator-size-background-worker=32768"
    "memorysetup-temp-allocator-size-job-worker=262144"
    "memorysetup-temp-allocator-size-preload-manager=33554432"
    "memorysetup-temp-allocator-size-nav-mesh-worker=65536"
    "memorysetup-temp-allocator-size-audio-worker=65536"
    "memorysetup-temp-allocator-size-cloud-worker=32768"
    "memorysetup-temp-allocator-size-gi-baking-worker=262144"
    "memorysetup-temp-allocator-size-gfx=262144"
Player connection [22640]  Target information:

Player connection [22640]  * "[IP] 192.168.0.156 [Port] 0 [Flags] 2 [Guid] 2888734643 [EditorId] 2888734643 [Version] 1048832 [Id] WindowsEditor(7,Vimbai) [Debug] 1 [PackageName] WindowsEditor [ProjectName] Editor" 

Player connection [22640] Host joined multi-casting on [225.0.0.222:54997]...
Player connection [22640] Host joined alternative multi-casting on [225.0.0.222:34997]...
Input System module state changed to: Initialized.
[PhysX] Initialized MultithreadedTaskDispatcher with 8 workers.
Refreshing native plugins compatible for Editor in 26.46 ms, found 3 plugins.
Preloading 0 native plugins for Editor in 0.00 ms.
Initialize engine version: 2022.3.62f2 (7670c08855a9)
[Subsystems] Discovering subsystems at path C:/Program Files/Unity/Hub/Editor/2022.3.62f2/Editor/Data/Resources/UnitySubsystems
[Subsystems] Discovering subsystems at path C:/Users/Lenovo/Documents/Roll-A-Ball/Assets
GfxDevice: creating device client; threaded=0; jobified=0
Direct3D:
    Version:  Direct3D 11.0 [level 11.1]
    Renderer: AMD Radeon(TM) 610M (ID=0x1506)
    Vendor:   ATI
    VRAM:     7078 MB
    Driver:   32.0.11039.13000
Initialize mono
Mono path[0] = 'C:/Program Files/Unity/Hub/Editor/2022.3.62f2/Editor/Data/Managed'
Mono path[1] = 'C:/Program Files/Unity/Hub/Editor/2022.3.62f2/Editor/Data/MonoBleedingEdge/lib/mono/unityjit-win32'
Mono config path = 'C:/Program Files/Unity/Hub/Editor/2022.3.62f2/Editor/Data/MonoBleedingEdge/etc'
Using monoOptions --debugger-agent=transport=dt_socket,embedding=1,server=y,suspend=n,address=127.0.0.1:56032
Begin MonoManager ReloadAssembly
Registering precompiled unity dll's ...
Register platform support module: C:/Program Files/Unity/Hub/Editor/2022.3.62f2/Editor/Data/PlaybackEngines/AndroidPlayer/UnityEditor.Android.Extensions.dll
Register platform support module: C:/Program Files/Unity/Hub/Editor/2022.3.62f2/Editor/Data/PlaybackEngines/WindowsStandaloneSupport/UnityEditor.WindowsStandalone.Extensions.dll
Registered in 0.139992 seconds.
- Loaded All Assemblies, in  1.666 seconds
Native extension for WindowsStandalone target not found
Native extension for Android target not found
Android Extension - Scanning For ADB Devices 771 ms
Mono: successfully reloaded assembly
- Finished resetting the current domain, in  2.233 seconds
Domain Reload Profiling: 3897ms
	BeginReloadAssembly (386ms)
		ExecutionOrderSort (0ms)
		DisableScriptedObjects (0ms)
		BackupInstance (0ms)
		ReleaseScriptingObjects (0ms)
		CreateAndSetChildDomain (2ms)
	RebuildCommonClasses (104ms)
	RebuildNativeTypeToScriptingClass (18ms)
	initialDomainReloadingComplete (521ms)
	LoadAllAssembliesAndSetupDomain (633ms)
		LoadAssemblies (381ms)
		RebuildTransferFunctionScriptingTraits (0ms)
		AnalyzeDomain (627ms)
			TypeCache.Refresh (594ms)
				TypeCache.ScanAssembly (561ms)
			ScanForSourceGeneratedMonoScriptInfo (1ms)
			ResolveRequiredComponents (30ms)
	FinalizeReload (2235ms)
		ReleaseScriptCaches (0ms)
		RebuildScriptCaches (0ms)
		SetupLoadedEditorAssemblies (1933ms)
			LogAssemblyErrors (0ms)
			InitializePlatformSupportModulesInManaged (1161ms)
			SetLoadedEditorAssemblies (11ms)
			RefreshPlugins (0ms)
			BeforeProcessingInitializeOnLoad (7ms)
			ProcessInitializeOnLoadAttributes (603ms)
			ProcessInitializeOnLoadMethodAttributes (140ms)
			AfterProcessingInitializeOnLoad (9ms)
			EditorAssembliesLoaded (1ms)
		ExecutionOrderSort2 (0ms)
		AwakeInstancesAfterBackupRestoration (0ms)
========================================================================
Worker process is ready to serve import requests
Caller must complete domain reload
Begin MonoManager ReloadAssembly
- Loaded All Assemblies, in  3.372 seconds
Native extension for WindowsStandalone target not found
Native extension for Android target not found
Mono: successfully reloaded assembly
- Finished resetting the current domain, in  3.225 seconds
Domain Reload Profiling: 6593ms
	BeginReloadAssembly (626ms)
		ExecutionOrderSort (0ms)
		DisableScriptedObjects (11ms)
		BackupInstance (0ms)
		ReleaseScriptingObjects (0ms)
		CreateAndSetChildDomain (73ms)
	RebuildCommonClasses (182ms)
	RebuildNativeTypeToScriptingClass (55ms)
	initialDomainReloadingComplete (320ms)
	LoadAllAssembliesAndSetupDomain (2184ms)
		LoadAssemblies (1275ms)
		RebuildTransferFunctionScriptingTraits (0ms)
		AnalyzeDomain (1189ms)
			TypeCache.Refresh (1070ms)
				TypeCache.ScanAssembly (961ms)
			ScanForSourceGeneratedMonoScriptInfo (36ms)
			ResolveRequiredComponents (78ms)
	FinalizeReload (3226ms)
		ReleaseScriptCaches (0ms)
		RebuildScriptCaches (0ms)
		SetupLoadedEditorAssemblies (2098ms)
			LogAssemblyErrors (0ms)
			InitializePlatformSupportModulesInManaged (48ms)
			SetLoadedEditorAssemblies (5ms)
			RefreshPlugins (0ms)
			BeforeProcessingInitializeOnLoad (162ms)
			ProcessInitializeOnLoadAttributes (1779ms)
			ProcessInitializeOnLoadMethodAttributes (85ms)
			AfterProcessingInitializeOnLoad (19ms)
			EditorAssembliesLoaded (0ms)
		ExecutionOrderSort2 (0ms)
		AwakeInstancesAfterBackupRestoration (15ms)
Launched and connected shader compiler UnityShaderCompiler.exe after 0.20 seconds
Refreshing native plugins compatible for Editor in 10.80 ms, found 3 plugins.
Preloading 0 native plugins for Editor in 0.00 ms.
Unloading 3312 Unused Serialized files (Serialized files now loaded: 0)
Unloading 18 unused Assets / (27.2 KB). Loaded Objects now: 3799.
Memory consumption went from 136.4 MB to 136.3 MB.
Total: 8.780800 ms (FindLiveObjects: 0.636900 ms CreateObjectMapping: 0.288700 ms MarkObjects: 7.725500 ms  DeleteObjects: 0.127400 ms)

AssetImportParameters requested are different than current active one (requested -> active):
  custom:container-demuxer-ogg: 62fdf1f143b41e24485cea50d1cbac27 -> 
  custom:video-codec-MediaFoundation-h265: 746d11721c4dcdbdad8f713fa42b33f4 -> 
  custom:video-decoder-ogg-theora: a1e56fd34408186e4bbccfd4996cb3dc -> 
  custom:framework-win-MediaFoundation: 216162199b28c13a410421893ffa2e32 -> 
  custom:CustomObjectIndexerAttribute: 9a22284fe3817be447336de3de66b15e -> 
  custom:container-demuxer-webm: 4f35f7cbe854078d1ac9338744f61a02 -> 
  custom:container-muxer-webm: aa71ff27fc2769a1b78a27578f13a17b -> 
  custom:video-decoder-webm-vp8: 9c59270c3fd7afecdb556c50c9e8de78 -> 
  custom:SearchIndexIgnoredProperties: e643bd26f0fe6173181afceb89e7c659 -> 
  custom:AudioImporter_EditorPlatform: d09bf68614088b80899f8185d706f6e7 -> 
  custom:video-encoder-webm-vp8: eb34c28f22e8b96e1ab97ce403110664 -> 
  custom:audio-decoder-ogg-vorbis: bf7c407c2cedff20999df2af8eb42d56 -> 
  custom:audio-encoder-webm-vorbis: bf7c407c2cedff20999df2af8eb42d56 -> 
========================================================================
Received Import Request.
  Time since last request: 1315828.340609 seconds.
  path: Packages/com.unity.test-framework/package.json
  artifactKey: Guid(d6a2e6e4803de7b43baacdc355fc144d) Importer(815301076,1909f56bfc062723c751e8b465ee728b)
Start importing Packages/com.unity.test-framework/package.json using Guid(d6a2e6e4803de7b43baacdc355fc144d) Importer(815301076,1909f56bfc062723c751e8b465ee728b) [PhysX] Initialized MultithreadedTaskDispatcher with 8 workers.
 -> (artifact id: '4b81739ae675f580da85cd1fd366dd3e') in 0.057712 seconds
Number of updated asset objects reloaded before import = 0
Number of asset objects unloaded after import = 1
========================================================================
Received Import Request.
  Time since last request: 162.688092 seconds.
  path: Assets/Tests/ScoreManager.cs
  artifactKey: Guid(7955e6f169075104386b4986121c743a) Importer(815301076,1909f56bfc062723c751e8b465ee728b)
Start importing Assets/Tests/ScoreManager.cs using Guid(7955e6f169075104386b4986121c743a) Importer(815301076,1909f56bfc062723c751e8b465ee728b) [PhysX] Initialized MultithreadedTaskDispatcher with 8 workers.
 -> (artifact id: 'a986e11114752b27f5572aa9be9a22c7') in 0.001275 seconds
Number of updated asset objects reloaded before import = 0
Number of asset objects unloaded after import = 0
========================================================================
Received Prepare
Caller must complete domain reload
Begin MonoManager ReloadAssembly
- Loaded All Assemblies, in  1.221 seconds
Native extension for WindowsStandalone target not found
Native extension for Android target not found
Mono: successfully reloaded assembly
- Finished resetting the current domain, in  3.854 seconds
Domain Reload Profiling: 5068ms
	BeginReloadAssembly (328ms)
		ExecutionOrderSort (0ms)
		DisableScriptedObjects (8ms)
		BackupInstance (0ms)
		ReleaseScriptingObjects (0ms)
		CreateAndSetChildDomain (52ms)
	RebuildCommonClasses (113ms)
	RebuildNativeTypeToScriptingClass (40ms)
	initialDomainReloadingComplete (62ms)
	LoadAllAssembliesAndSetupDomain (670ms)
		LoadAssemblies (813ms)
		RebuildTransferFunctionScriptingTraits (0ms)
		AnalyzeDomain (74ms)
			TypeCache.Refresh (10ms)
				TypeCache.ScanAssembly (0ms)
			ScanForSourceGeneratedMonoScriptInfo (48ms)
			ResolveRequiredComponents (11ms)
	FinalizeReload (3856ms)
		ReleaseScriptCaches (0ms)
		RebuildScriptCaches (0ms)
		SetupLoadedEditorAssemblies (1348ms)
			LogAssemblyErrors (0ms)
			InitializePlatformSupportModulesInManaged (80ms)
			SetLoadedEditorAssemblies (31ms)
			RefreshPlugins (0ms)
			BeforeProcessingInitializeOnLoad (184ms)
			ProcessInitializeOnLoadAttributes (890ms)
			ProcessInitializeOnLoadMethodAttributes (142ms)
			AfterProcessingInitializeOnLoad (21ms)
			EditorAssembliesLoaded (0ms)
		ExecutionOrderSort2 (0ms)
		AwakeInstancesAfterBackupRestoration (17ms)
Refreshing native plugins compatible for Editor in 10.17 ms, found 3 plugins.
Preloading 0 native plugins for Editor in 0.00 ms.
Unloading 3292 Unused Serialized files (Serialized files now loaded: 0)
Unloading 14 unused Assets / (28.5 KB). Loaded Objects now: 3805.
Memory consumption went from 132.3 MB to 132.3 MB.
Total: 12.454000 ms (FindLiveObjects: 0.697700 ms CreateObjectMapping: 0.448000 ms MarkObjects: 11.215000 ms  DeleteObjects: 0.090700 ms)

Prepare: number of updated asset objects reloaded= 0
AssetImportParameters requested are different than current active one (requested -> active):
  custom:container-demuxer-ogg: 62fdf1f143b41e24485cea50d1cbac27 -> 
  custom:video-codec-MediaFoundation-h265: 746d11721c4dcdbdad8f713fa42b33f4 -> 
  custom:video-decoder-ogg-theora: a1e56fd34408186e4bbccfd4996cb3dc -> 
  custom:framework-win-MediaFoundation: 216162199b28c13a410421893ffa2e32 -> 
  custom:CustomObjectIndexerAttribute: 9a22284fe3817be447336de3de66b15e -> 
  custom:container-demuxer-webm: 4f35f7cbe854078d1ac9338744f61a02 -> 
  custom:container-muxer-webm: aa71ff27fc2769a1b78a27578f13a17b -> 
  custom:video-decoder-webm-vp8: 9c59270c3fd7afecdb556c50c9e8de78 -> 
  custom:SearchIndexIgnoredProperties: e643bd26f0fe6173181afceb89e7c659 -> 
  custom:AudioImporter_EditorPlatform: d09bf68614088b80899f8185d706f6e7 -> 
  custom:video-encoder-webm-vp8: eb34c28f22e8b96e1ab97ce403110664 -> 
  custom:audio-decoder-ogg-vorbis: bf7c407c2cedff20999df2af8eb42d56 -> 
  custom:scripting/precompiled-assembly-types:Tests: 46943b0139b39cf5f4d1efdb9f36e8a8 -> 
  custom:audio-encoder-webm-vorbis: bf7c407c2cedff20999df2af8eb42d56 -> 
  custom:scripting/monoscript/fileName/ScoreManager.cs: e5b6e441a64c92417240bee131240a00 -> 
========================================================================
Received Import Request.
  Time since last request: 43.024206 seconds.
  path: Assets/Tests/ScoreManager.cs
  artifactKey: Guid(7955e6f169075104386b4986121c743a) Importer(815301076,1909f56bfc062723c751e8b465ee728b)
Start importing Assets/Tests/ScoreManager.cs using Guid(7955e6f169075104386b4986121c743a) Importer(815301076,1909f56bfc062723c751e8b465ee728b) [PhysX] Initialized MultithreadedTaskDispatcher with 8 workers.
 -> (artifact id: '659b98629cfbc3aea4f44dd585a492b9') in 0.099312 seconds
Number of updated asset objects reloaded before import = 0
Number of asset objects unloaded after import = 0
========================================================================
Received Prepare
Caller must complete domain reload
Begin MonoManager ReloadAssembly
- Loaded All Assemblies, in  1.191 seconds
Native extension for WindowsStandalone target not found
Native extension for Android target not found
Mono: successfully reloaded assembly
- Finished resetting the current domain, in  3.224 seconds
Domain Reload Profiling: 4411ms
	BeginReloadAssembly (307ms)
		ExecutionOrderSort (0ms)
		DisableScriptedObjects (8ms)
		BackupInstance (0ms)
		ReleaseScriptingObjects (0ms)
		CreateAndSetChildDomain (67ms)
	RebuildCommonClasses (117ms)
	RebuildNativeTypeToScriptingClass (121ms)
	initialDomainReloadingComplete (85ms)
	LoadAllAssembliesAndSetupDomain (557ms)
		LoadAssemblies (712ms)
		RebuildTransferFunctionScriptingTraits (0ms)
		AnalyzeDomain (33ms)
			TypeCache.Refresh (9ms)
				TypeCache.ScanAssembly (0ms)
			ScanForSourceGeneratedMonoScriptInfo (12ms)
			ResolveRequiredComponents (10ms)
	FinalizeReload (3225ms)
		ReleaseScriptCaches (0ms)
		RebuildScriptCaches (0ms)
		SetupLoadedEditorAssemblies (843ms)
			LogAssemblyErrors (0ms)
			InitializePlatformSupportModulesInManaged (41ms)
			SetLoadedEditorAssemblies (6ms)
			RefreshPlugins (0ms)
			BeforeProcessingInitializeOnLoad (150ms)
			ProcessInitializeOnLoadAttributes (579ms)
			ProcessInitializeOnLoadMethodAttributes (44ms)
			AfterProcessingInitializeOnLoad (23ms)
			EditorAssembliesLoaded (0ms)
		ExecutionOrderSort2 (0ms)
		AwakeInstancesAfterBackupRestoration (12ms)
Refreshing native plugins compatible for Editor in 6.80 ms, found 3 plugins.
Preloading 0 native plugins for Editor in 0.00 ms.
Unloading 3292 Unused Serialized files (Serialized files now loaded: 0)
Unloading 14 unused Assets / (28.5 KB). Loaded Objects now: 3809.
Memory consumption went from 132.3 MB to 132.3 MB.
Total: 4.434300 ms (FindLiveObjects: 0.576500 ms CreateObjectMapping: 0.358200 ms MarkObjects: 3.418100 ms  DeleteObjects: 0.079400 ms)

Prepare: number of updated asset objects reloaded= 0
AssetImportParameters requested are different than current active one (requested -> active):
  custom:container-demuxer-ogg: 62fdf1f143b41e24485cea50d1cbac27 -> 
  custom:video-codec-MediaFoundation-h265: 746d11721c4dcdbdad8f713fa42b33f4 -> 
  custom:video-decoder-ogg-theora: a1e56fd34408186e4bbccfd4996cb3dc -> 
  custom:framework-win-MediaFoundation: 216162199b28c13a410421893ffa2e32 -> 
  custom:CustomObjectIndexerAttribute: 9a22284fe3817be447336de3de66b15e -> 
  custom:container-demuxer-webm: 4f35f7cbe854078d1ac9338744f61a02 -> 
  custom:container-muxer-webm: aa71ff27fc2769a1b78a27578f13a17b -> 
  custom:video-decoder-webm-vp8: 9c59270c3fd7afecdb556c50c9e8de78 -> 
  custom:SearchIndexIgnoredProperties: e643bd26f0fe6173181afceb89e7c659 -> 
  custom:AudioImporter_EditorPlatform: d09bf68614088b80899f8185d706f6e7 -> 
  custom:video-encoder-webm-vp8: eb34c28f22e8b96e1ab97ce403110664 -> 
  custom:audio-decoder-ogg-vorbis: bf7c407c2cedff20999df2af8eb42d56 -> 
  custom:scripting/precompiled-assembly-types:Tests: a2f983b6e98fe1508d6e64444b922f31 -> 
  custom:audio-encoder-webm-vorbis: bf7c407c2cedff20999df2af8eb42d56 -> 
  custom:scripting/monoscript/fileName/ScoreManager.cs: 05d8b0d87322b138314bfffadaad54b8 -> 
========================================================================
Received Import Request.
  Time since last request: 12.803013 seconds.
  path: Assets/Tests/ScoreManager.cs
  artifactKey: Guid(7955e6f169075104386b4986121c743a) Importer(815301076,1909f56bfc062723c751e8b465ee728b)
Start importing Assets/Tests/ScoreManager.cs using Guid(7955e6f169075104386b4986121c743a) Importer(815301076,1909f56bfc062723c751e8b465ee728b) [PhysX] Initialized MultithreadedTaskDispatcher with 8 workers.
 -> (artifact id: '66c492efece6b180e379749bdbe55f65') in 0.006942 seconds
Number of updated asset objects reloaded before import = 0
Number of asset objects unloaded after import = 0
========================================================================
Received Import Request.
  Time since last request: 10.427874 seconds.
  path: Assets/Tests/CollisionTests.cs
  artifactKey: Guid(db50d8f6509a38640b11aa43c234790a) Importer(815301076,1909f56bfc062723c751e8b465ee728b)
Start importing Assets/Tests/CollisionTests.cs using Guid(db50d8f6509a38640b11aa43c234790a) Importer(815301076,1909f56bfc062723c751e8b465ee728b) [PhysX] Initialized MultithreadedTaskDispatcher with 8 workers.
 -> (artifact id: '6705331d65ef2fca14753196dff00fab') in 0.001112 seconds
Number of updated asset objects reloaded before import = 0
Number of asset objects unloaded after import = 0
========================================================================
Received Prepare
Caller must complete domain reload
Begin MonoManager ReloadAssembly
- Loaded All Assemblies, in  1.814 seconds
Native extension for WindowsStandalone target not found
Native extension for Android target not found
Mono: successfully reloaded assembly
- Finished resetting the current domain, in  2.655 seconds
Domain Reload Profiling: 4465ms
	BeginReloadAssembly (1154ms)
		ExecutionOrderSort (0ms)
		DisableScriptedObjects (11ms)
		BackupInstance (0ms)
		ReleaseScriptingObjects (0ms)
		CreateAndSetChildDomain (565ms)
	RebuildCommonClasses (100ms)
	RebuildNativeTypeToScriptingClass (20ms)
	initialDomainReloadingComplete (56ms)
	LoadAllAssembliesAndSetupDomain (478ms)
		LoadAssemblies (925ms)
		RebuildTransferFunctionScriptingTraits (0ms)
		AnalyzeDomain (45ms)
			TypeCache.Refresh (15ms)
				TypeCache.ScanAssembly (0ms)
			ScanForSourceGeneratedMonoScriptInfo (16ms)
			ResolveRequiredComponents (10ms)
	FinalizeReload (2657ms)
		ReleaseScriptCaches (0ms)
		RebuildScriptCaches (0ms)
		SetupLoadedEditorAssemblies (952ms)
			LogAssemblyErrors (0ms)
			InitializePlatformSupportModulesInManaged (38ms)
			SetLoadedEditorAssemblies (7ms)
			RefreshPlugins (0ms)
			BeforeProcessingInitializeOnLoad (113ms)
			ProcessInitializeOnLoadAttributes (712ms)
			ProcessInitializeOnLoadMethodAttributes (64ms)
			AfterProcessingInitializeOnLoad (17ms)
			EditorAssembliesLoaded (1ms)
		ExecutionOrderSort2 (0ms)
		AwakeInstancesAfterBackupRestoration (13ms)
Refreshing native plugins compatible for Editor in 14.30 ms, found 3 plugins.
Preloading 0 native plugins for Editor in 0.00 ms.
Unloading 3293 Unused Serialized files (Serialized files now loaded: 0)
Unloading 14 unused Assets / (28.5 KB). Loaded Objects now: 3814.
Memory consumption went from 132.3 MB to 132.3 MB.
Total: 7.805700 ms (FindLiveObjects: 0.590600 ms CreateObjectMapping: 0.391900 ms MarkObjects: 6.736100 ms  DeleteObjects: 0.085200 ms)

Prepare: number of updated asset objects reloaded= 0
AssetImportParameters requested are different than current active one (requested -> active):
  custom:container-demuxer-ogg: 62fdf1f143b41e24485cea50d1cbac27 -> 
  custom:video-codec-MediaFoundation-h265: 746d11721c4dcdbdad8f713fa42b33f4 -> 
  custom:video-decoder-ogg-theora: a1e56fd34408186e4bbccfd4996cb3dc -> 
  custom:framework-win-MediaFoundation: 216162199b28c13a410421893ffa2e32 -> 
  custom:CustomObjectIndexerAttribute: 9a22284fe3817be447336de3de66b15e -> 
  custom:container-demuxer-webm: 4f35f7cbe854078d1ac9338744f61a02 -> 
  custom:container-muxer-webm: aa71ff27fc2769a1b78a27578f13a17b -> 
  custom:video-decoder-webm-vp8: 9c59270c3fd7afecdb556c50c9e8de78 -> 
  custom:scripting/monoscript/fileName/CollisionTests.cs: d21e035f6b8789e932812c54e446c31b -> 
  custom:SearchIndexIgnoredProperties: e643bd26f0fe6173181afceb89e7c659 -> 
  custom:AudioImporter_EditorPlatform: d09bf68614088b80899f8185d706f6e7 -> 
  custom:video-encoder-webm-vp8: eb34c28f22e8b96e1ab97ce403110664 -> 
  custom:audio-decoder-ogg-vorbis: bf7c407c2cedff20999df2af8eb42d56 -> 
  custom:scripting/precompiled-assembly-types:Tests: b2f95179b3df83946d7a10f120ed8177 -> 
  custom:audio-encoder-webm-vorbis: bf7c407c2cedff20999df2af8eb42d56 -> 
  custom:scripting/monoscript/fileName/ScoreManager.cs: 05d8b0d87322b138314bfffadaad54b8 -> 
========================================================================
Received Import Request.
  Time since last request: 50.296411 seconds.
  path: Assets/Tests/CollisionTests.cs
  artifactKey: Guid(db50d8f6509a38640b11aa43c234790a) Importer(815301076,1909f56bfc062723c751e8b465ee728b)
Start importing Assets/Tests/CollisionTests.cs using Guid(db50d8f6509a38640b11aa43c234790a) Importer(815301076,1909f56bfc062723c751e8b465ee728b) [PhysX] Initialized MultithreadedTaskDispatcher with 8 workers.
 -> (artifact id: 'e860f98cb9d23dce94146faaa9c31f9e') in 0.004575 seconds
Number of updated asset objects reloaded before import = 0
Number of asset objects unloaded after import = 0
========================================================================
Received Prepare
Caller must complete domain reload
Begin MonoManager ReloadAssembly
- Loaded All Assemblies, in  1.293 seconds
Native extension for WindowsStandalone target not found
Native extension for Android target not found
Mono: successfully reloaded assembly
- Finished resetting the current domain, in  3.054 seconds
Domain Reload Profiling: 4340ms
	BeginReloadAssembly (352ms)
		ExecutionOrderSort (0ms)
		DisableScriptedObjects (8ms)
		BackupInstance (0ms)
		ReleaseScriptingObjects (0ms)
		CreateAndSetChildDomain (87ms)
	RebuildCommonClasses (115ms)
	RebuildNativeTypeToScriptingClass (21ms)
	initialDomainReloadingComplete (88ms)
	LoadAllAssembliesAndSetupDomain (709ms)
		LoadAssemblies (808ms)
		RebuildTransferFunctionScriptingTraits (0ms)
		AnalyzeDomain (110ms)
			TypeCache.Refresh (16ms)
				TypeCache.ScanAssembly (1ms)
			ScanForSourceGeneratedMonoScriptInfo (80ms)
			ResolveRequiredComponents (10ms)
	FinalizeReload (3055ms)
		ReleaseScriptCaches (0ms)
		RebuildScriptCaches (0ms)
		SetupLoadedEditorAssemblies (1057ms)
			LogAssemblyErrors (0ms)
			InitializePlatformSupportModulesInManaged (43ms)
			SetLoadedEditorAssemblies (8ms)
			RefreshPlugins (0ms)
			BeforeProcessingInitializeOnLoad (164ms)
			ProcessInitializeOnLoadAttributes (763ms)
			ProcessInitializeOnLoadMethodAttributes (55ms)
			AfterProcessingInitializeOnLoad (21ms)
			EditorAssembliesLoaded (2ms)
		ExecutionOrderSort2 (0ms)
		AwakeInstancesAfterBackupRestoration (15ms)
Refreshing native plugins compatible for Editor in 9.95 ms, found 3 plugins.
Preloading 0 native plugins for Editor in 0.00 ms.
Unloading 3293 Unused Serialized files (Serialized files now loaded: 0)
Unloading 14 unused Assets / (28.4 KB). Loaded Objects now: 3818.
Memory consumption went from 132.3 MB to 132.3 MB.
Total: 7.847000 ms (FindLiveObjects: 0.775300 ms CreateObjectMapping: 0.726900 ms MarkObjects: 6.237000 ms  DeleteObjects: 0.105500 ms)

Prepare: number of updated asset objects reloaded= 0
AssetImportParameters requested are different than current active one (requested -> active):
  custom:container-demuxer-ogg: 62fdf1f143b41e24485cea50d1cbac27 -> 
  custom:video-codec-MediaFoundation-h265: 746d11721c4dcdbdad8f713fa42b33f4 -> 
  custom:video-decoder-ogg-theora: a1e56fd34408186e4bbccfd4996cb3dc -> 
  custom:framework-win-MediaFoundation: 216162199b28c13a410421893ffa2e32 -> 
  custom:CustomObjectIndexerAttribute: 9a22284fe3817be447336de3de66b15e -> 
  custom:container-demuxer-webm: 4f35f7cbe854078d1ac9338744f61a02 -> 
  custom:container-muxer-webm: aa71ff27fc2769a1b78a27578f13a17b -> 
  custom:video-decoder-webm-vp8: 9c59270c3fd7afecdb556c50c9e8de78 -> 
  custom:scripting/monoscript/fileName/CollisionTests.cs: 3c31524df38053e4cf10993fc41c2595 -> 
  custom:SearchIndexIgnoredProperties: e643bd26f0fe6173181afceb89e7c659 -> 
  custom:AudioImporter_EditorPlatform: d09bf68614088b80899f8185d706f6e7 -> 
  custom:video-encoder-webm-vp8: eb34c28f22e8b96e1ab97ce403110664 -> 
  custom:audio-decoder-ogg-vorbis: bf7c407c2cedff20999df2af8eb42d56 -> 
  custom:scripting/precompiled-assembly-types:Tests: e4e4f82d6ccda5e523ff09a085b9cf2a -> 
  custom:audio-encoder-webm-vorbis: bf7c407c2cedff20999df2af8eb42d56 -> 
  custom:scripting/monoscript/fileName/ScoreManager.cs: 05d8b0d87322b138314bfffadaad54b8 -> 
========================================================================
Received Import Request.
  Time since last request: 12.233034 seconds.
  path: Assets/Tests/CollisionTests.cs
  artifactKey: Guid(db50d8f6509a38640b11aa43c234790a) Importer(815301076,1909f56bfc062723c751e8b465ee728b)
Start importing Assets/Tests/CollisionTests.cs using Guid(db50d8f6509a38640b11aa43c234790a) Importer(815301076,1909f56bfc062723c751e8b465ee728b) [PhysX] Initialized MultithreadedTaskDispatcher with 8 workers.
 -> (artifact id: '31f1c823473f3d13b1378826421904f4') in 0.004271 seconds
Number of updated asset objects reloaded before import = 0
Number of asset objects unloaded after import = 0
========================================================================
Received Import Request.
  Time since last request: 74.825503 seconds.
  path: Assets/Tests/LevelTests.cs
  artifactKey: Guid(74793b11aa13774409351614822f9fc2) Importer(815301076,1909f56bfc062723c751e8b465ee728b)
Start importing Assets/Tests/LevelTests.cs using Guid(74793b11aa13774409351614822f9fc2) Importer(815301076,1909f56bfc062723c751e8b465ee728b) [PhysX] Initialized MultithreadedTaskDispatcher with 8 workers.
 -> (artifact id: 'f83d3778f4b78ec3a2df11b2e665a17e') in 0.000884 seconds
Number of updated asset objects reloaded before import = 0
Number of asset objects unloaded after import = 0
========================================================================
Received Prepare
Caller must complete domain reload
Begin MonoManager ReloadAssembly
- Loaded All Assemblies, in  1.554 seconds
Native extension for WindowsStandalone target not found
Native extension for Android target not found
Mono: successfully reloaded assembly
- Finished resetting the current domain, in  3.623 seconds
Domain Reload Profiling: 5171ms
	BeginReloadAssembly (751ms)
		ExecutionOrderSort (0ms)
		DisableScriptedObjects (24ms)
		BackupInstance (0ms)
		ReleaseScriptingObjects (0ms)
		CreateAndSetChildDomain (241ms)
	RebuildCommonClasses (212ms)
	RebuildNativeTypeToScriptingClass (20ms)
	initialDomainReloadingComplete (58ms)
	LoadAllAssembliesAndSetupDomain (505ms)
		LoadAssemblies (714ms)
		RebuildTransferFunctionScriptingTraits (0ms)
		AnalyzeDomain (36ms)
			TypeCache.Refresh (12ms)
				TypeCache.ScanAssembly (0ms)
			ScanForSourceGeneratedMonoScriptInfo (13ms)
			ResolveRequiredComponents (8ms)
	FinalizeReload (3625ms)
		ReleaseScriptCaches (0ms)
		RebuildScriptCaches (0ms)
		SetupLoadedEditorAssemblies (1626ms)
			LogAssemblyErrors (0ms)
			InitializePlatformSupportModulesInManaged (55ms)
			SetLoadedEditorAssemblies (8ms)
			RefreshPlugins (0ms)
			BeforeProcessingInitializeOnLoad (107ms)
			ProcessInitializeOnLoadAttributes (1356ms)
			ProcessInitializeOnLoadMethodAttributes (71ms)
			AfterProcessingInitializeOnLoad (28ms)
			EditorAssembliesLoaded (1ms)
		ExecutionOrderSort2 (0ms)
		AwakeInstancesAfterBackupRestoration (16ms)
Refreshing native plugins compatible for Editor in 24.84 ms, found 3 plugins.
Preloading 0 native plugins for Editor in 0.00 ms.
Unloading 3294 Unused Serialized files (Serialized files now loaded: 0)
Unloading 14 unused Assets / (28.5 KB). Loaded Objects now: 3823.
Memory consumption went from 132.4 MB to 132.3 MB.
Total: 27.003100 ms (FindLiveObjects: 3.142400 ms CreateObjectMapping: 0.591700 ms MarkObjects: 23.075000 ms  DeleteObjects: 0.189900 ms)

Prepare: number of updated asset objects reloaded= 0
AssetImportParameters requested are different than current active one (requested -> active):
  custom:container-demuxer-ogg: 62fdf1f143b41e24485cea50d1cbac27 -> 
  custom:video-codec-MediaFoundation-h265: 746d11721c4dcdbdad8f713fa42b33f4 -> 
  custom:video-decoder-ogg-theora: a1e56fd34408186e4bbccfd4996cb3dc -> 
  custom:framework-win-MediaFoundation: 216162199b28c13a410421893ffa2e32 -> 
  custom:CustomObjectIndexerAttribute: 9a22284fe3817be447336de3de66b15e -> 
  custom:container-demuxer-webm: 4f35f7cbe854078d1ac9338744f61a02 -> 
  custom:container-muxer-webm: aa71ff27fc2769a1b78a27578f13a17b -> 
  custom:video-decoder-webm-vp8: 9c59270c3fd7afecdb556c50c9e8de78 -> 
  custom:scripting/monoscript/fileName/CollisionTests.cs: 3c31524df38053e4cf10993fc41c2595 -> 
  custom:SearchIndexIgnoredProperties: e643bd26f0fe6173181afceb89e7c659 -> 
  custom:AudioImporter_EditorPlatform: d09bf68614088b80899f8185d706f6e7 -> 
  custom:video-encoder-webm-vp8: eb34c28f22e8b96e1ab97ce403110664 -> 
  custom:audio-decoder-ogg-vorbis: bf7c407c2cedff20999df2af8eb42d56 -> 
  custom:scripting/monoscript/fileName/LevelTests.cs: 68638328164dd7b0e17b92478214d21b -> 
  custom:scripting/precompiled-assembly-types:Tests: e3ad9318cde89ec4da26e288b26a721d -> 
  custom:audio-encoder-webm-vorbis: bf7c407c2cedff20999df2af8eb42d56 -> 
  custom:scripting/monoscript/fileName/ScoreManager.cs: 05d8b0d87322b138314bfffadaad54b8 -> 
========================================================================
Received Import Request.
  Time since last request: 17.582141 seconds.
  path: Assets/Tests/LevelTests.cs
  artifactKey: Guid(74793b11aa13774409351614822f9fc2) Importer(815301076,1909f56bfc062723c751e8b465ee728b)
Start importing Assets/Tests/LevelTests.cs using Guid(74793b11aa13774409351614822f9fc2) Importer(815301076,1909f56bfc062723c751e8b465ee728b) [PhysX] Initialized MultithreadedTaskDispatcher with 8 workers.
 -> (artifact id: 'e683541da2eee2598ea6ca2bb703a311') in 0.004149 seconds
Number of updated asset objects reloaded before import = 0
Number of asset objects unloaded after import = 0
========================================================================
Received Prepare
Caller must complete domain reload
Begin MonoManager ReloadAssembly
- Loaded All Assemblies, in  0.766 seconds
Native extension for WindowsStandalone target not found
Native extension for Android target not found
Mono: successfully reloaded assembly
- Finished resetting the current domain, in  1.534 seconds
Domain Reload Profiling: 2296ms
	BeginReloadAssembly (235ms)
		ExecutionOrderSort (0ms)
		DisableScriptedObjects (7ms)
		BackupInstance (0ms)
		ReleaseScriptingObjects (0ms)
		CreateAndSetChildDomain (51ms)
	RebuildCommonClasses (40ms)
	RebuildNativeTypeToScriptingClass (19ms)
	initialDomainReloadingComplete (45ms)
	LoadAllAssembliesAndSetupDomain (422ms)
		LoadAssemblies (532ms)
		RebuildTransferFunctionScriptingTraits (0ms)
		AnalyzeDomain (29ms)
			TypeCache.Refresh (11ms)
				TypeCache.ScanAssembly (1ms)
			ScanForSourceGeneratedMonoScriptInfo (9ms)
			ResolveRequiredComponents (7ms)
	FinalizeReload (1535ms)
		ReleaseScriptCaches (0ms)
		RebuildScriptCaches (0ms)
		SetupLoadedEditorAssemblies (481ms)
			LogAssemblyErrors (0ms)
			InitializePlatformSupportModulesInManaged (21ms)
			SetLoadedEditorAssemblies (5ms)
			RefreshPlugins (0ms)
			BeforeProcessingInitializeOnLoad (71ms)
			ProcessInitializeOnLoadAttributes (351ms)
			ProcessInitializeOnLoadMethodAttributes (25ms)
			AfterProcessingInitializeOnLoad (9ms)
			EditorAssembliesLoaded (0ms)
		ExecutionOrderSort2 (0ms)
		AwakeInstancesAfterBackupRestoration (8ms)
Refreshing native plugins compatible for Editor in 15.00 ms, found 3 plugins.
Preloading 0 native plugins for Editor in 0.00 ms.
Unloading 3294 Unused Serialized files (Serialized files now loaded: 0)
Unloading 14 unused Assets / (28.5 KB). Loaded Objects now: 3827.
Memory consumption went from 132.4 MB to 132.3 MB.
Total: 6.311200 ms (FindLiveObjects: 0.518000 ms CreateObjectMapping: 0.183100 ms MarkObjects: 5.515700 ms  DeleteObjects: 0.092100 ms)

Prepare: number of updated asset objects reloaded= 0
AssetImportParameters requested are different than current active one (requested -> active):
  custom:container-demuxer-ogg: 62fdf1f143b41e24485cea50d1cbac27 -> 
  custom:video-codec-MediaFoundation-h265: 746d11721c4dcdbdad8f713fa42b33f4 -> 
  custom:video-decoder-ogg-theora: a1e56fd34408186e4bbccfd4996cb3dc -> 
  custom:framework-win-MediaFoundation: 216162199b28c13a410421893ffa2e32 -> 
  custom:CustomObjectIndexerAttribute: 9a22284fe3817be447336de3de66b15e -> 
  custom:container-demuxer-webm: 4f35f7cbe854078d1ac9338744f61a02 -> 
  custom:container-muxer-webm: aa71ff27fc2769a1b78a27578f13a17b -> 
  custom:video-decoder-webm-vp8: 9c59270c3fd7afecdb556c50c9e8de78 -> 
  custom:scripting/monoscript/fileName/CollisionTests.cs: 3c31524df38053e4cf10993fc41c2595 -> 
  custom:SearchIndexIgnoredProperties: e643bd26f0fe6173181afceb89e7c659 -> 
  custom:AudioImporter_EditorPlatform: d09bf68614088b80899f8185d706f6e7 -> 
  custom:video-encoder-webm-vp8: eb34c28f22e8b96e1ab97ce403110664 -> 
  custom:audio-decoder-ogg-vorbis: bf7c407c2cedff20999df2af8eb42d56 -> 
  custom:scripting/monoscript/fileName/LevelTests.cs: 4faded32d3b823ee09e6d6659d677e09 -> 
  custom:scripting/precompiled-assembly-types:Tests: 989cb3b5827350dc56fd7a18aa78a72b -> 
  custom:audio-encoder-webm-vorbis: bf7c407c2cedff20999df2af8eb42d56 -> 
  custom:scripting/monoscript/fileName/ScoreManager.cs: 05d8b0d87322b138314bfffadaad54b8 -> 
========================================================================
Received Import Request.
  Time since last request: 44.114725 seconds.
  path: Assets/Tests/EditMode
  artifactKey: Guid(a59e506d34d7b2542ad1907429d0db43) Importer(815301076,1909f56bfc062723c751e8b465ee728b)
Start importing Assets/Tests/EditMode using Guid(a59e506d34d7b2542ad1907429d0db43) Importer(815301076,1909f56bfc062723c751e8b465ee728b) [PhysX] Initialized MultithreadedTaskDispatcher with 8 workers.
 -> (artifact id: '37099212290321fc114da55a8f7a0a48') in 0.002669 seconds
Number of updated asset objects reloaded before import = 0
Number of asset objects unloaded after import = 0
========================================================================
Received Import Request.
  Time since last request: 8.836876 seconds.
  path: Assets/Tests/PlayMode
  artifactKey: Guid(f9752433a562889498ac5610e349c0fb) Importer(815301076,1909f56bfc062723c751e8b465ee728b)
Start importing Assets/Tests/PlayMode using Guid(f9752433a562889498ac5610e349c0fb) Importer(815301076,1909f56bfc062723c751e8b465ee728b) [PhysX] Initialized MultithreadedTaskDispatcher with 8 workers.
 -> (artifact id: '751b0f1daf2854703f21885c72ec9f29') in 0.001193 seconds
Number of updated asset objects reloaded before import = 0
Number of asset objects unloaded after import = 0
========================================================================
Received Prepare
Caller must complete domain reload
Begin MonoManager ReloadAssembly
- Loaded All Assemblies, in  0.735 seconds
Native extension for WindowsStandalone target not found
Native extension for Android target not found
Mono: successfully reloaded assembly
- Finished resetting the current domain, in  1.641 seconds
Domain Reload Profiling: 2374ms
	BeginReloadAssembly (297ms)
		ExecutionOrderSort (0ms)
		DisableScriptedObjects (8ms)
		BackupInstance (0ms)
		ReleaseScriptingObjects (0ms)
		CreateAndSetChildDomain (61ms)
	RebuildCommonClasses (39ms)
	RebuildNativeTypeToScriptingClass (14ms)
	initialDomainReloadingComplete (39ms)
	LoadAllAssembliesAndSetupDomain (342ms)
		LoadAssemblies (505ms)
		RebuildTransferFunctionScriptingTraits (0ms)
		AnalyzeDomain (25ms)
			TypeCache.Refresh (9ms)
				TypeCache.ScanAssembly (0ms)
			ScanForSourceGeneratedMonoScriptInfo (8ms)
			ResolveRequiredComponents (6ms)
	FinalizeReload (1642ms)
		ReleaseScriptCaches (0ms)
		RebuildScriptCaches (0ms)
		SetupLoadedEditorAssemblies (446ms)
			LogAssemblyErrors (0ms)
			InitializePlatformSupportModulesInManaged (22ms)
			SetLoadedEditorAssemblies (4ms)
			RefreshPlugins (0ms)
			BeforeProcessingInitializeOnLoad (73ms)
			ProcessInitializeOnLoadAttributes (314ms)
			ProcessInitializeOnLoadMethodAttributes (25ms)
			AfterProcessingInitializeOnLoad (8ms)
			EditorAssembliesLoaded (0ms)
		ExecutionOrderSort2 (0ms)
		AwakeInstancesAfterBackupRestoration (7ms)
Refreshing native plugins compatible for Editor in 6.76 ms, found 3 plugins.
Preloading 0 native plugins for Editor in 0.00 ms.
Unloading 3294 Unused Serialized files (Serialized files now loaded: 0)
Unloading 14 unused Assets / (28.5 KB). Loaded Objects now: 3831.
Memory consumption went from 132.4 MB to 132.3 MB.
Total: 4.940600 ms (FindLiveObjects: 0.582400 ms CreateObjectMapping: 0.353900 ms MarkObjects: 3.927400 ms  DeleteObjects: 0.074800 ms)

Prepare: number of updated asset objects reloaded= 0
AssetImportParameters requested are different than current active one (requested -> active):
  custom:container-demuxer-ogg: 62fdf1f143b41e24485cea50d1cbac27 -> 
  custom:video-codec-MediaFoundation-h265: 746d11721c4dcdbdad8f713fa42b33f4 -> 
  custom:video-decoder-ogg-theora: a1e56fd34408186e4bbccfd4996cb3dc -> 
  custom:framework-win-MediaFoundation: 216162199b28c13a410421893ffa2e32 -> 
  custom:CustomObjectIndexerAttribute: 9a22284fe3817be447336de3de66b15e -> 
  custom:container-demuxer-webm: 4f35f7cbe854078d1ac9338744f61a02 -> 
  custom:container-muxer-webm: aa71ff27fc2769a1b78a27578f13a17b -> 
  custom:video-decoder-webm-vp8: 9c59270c3fd7afecdb556c50c9e8de78 -> 
  custom:scripting/monoscript/fileName/CollisionTests.cs: 3c31524df38053e4cf10993fc41c2595 -> 
  custom:SearchIndexIgnoredProperties: e643bd26f0fe6173181afceb89e7c659 -> 
  custom:AudioImporter_EditorPlatform: d09bf68614088b80899f8185d706f6e7 -> 
  custom:video-encoder-webm-vp8: eb34c28f22e8b96e1ab97ce403110664 -> 
  custom:audio-decoder-ogg-vorbis: bf7c407c2cedff20999df2af8eb42d56 -> 
  custom:scripting/monoscript/fileName/LevelTests.cs: 1a156eb92be3078b1ce73f6815a6a4a4 -> 
  custom:scripting/precompiled-assembly-types:Tests: f4bea8f83d3318075ea58c90b6bb04d5 -> 
  custom:audio-encoder-webm-vorbis: bf7c407c2cedff20999df2af8eb42d56 -> 
  custom:scripting/monoscript/fileName/ScoreManager.cs: 05d8b0d87322b138314bfffadaad54b8 -> 
========================================================================
Received Prepare
Caller must complete domain reload
Begin MonoManager ReloadAssembly
- Loaded All Assemblies, in  0.775 seconds
Native extension for WindowsStandalone target not found
Native extension for Android target not found
Mono: successfully reloaded assembly
- Finished resetting the current domain, in  1.632 seconds
Domain Reload Profiling: 2402ms
	BeginReloadAssembly (279ms)
		ExecutionOrderSort (0ms)
		DisableScriptedObjects (7ms)
		BackupInstance (0ms)
		ReleaseScriptingObjects (0ms)
		CreateAndSetChildDomain (56ms)
	RebuildCommonClasses (50ms)
	RebuildNativeTypeToScriptingClass (14ms)
	initialDomainReloadingComplete (47ms)
	LoadAllAssembliesAndSetupDomain (379ms)
		LoadAssemblies (499ms)
		RebuildTransferFunctionScriptingTraits (0ms)
		AnalyzeDomain (30ms)
			TypeCache.Refresh (10ms)
				TypeCache.ScanAssembly (0ms)
			ScanForSourceGeneratedMonoScriptInfo (11ms)
			ResolveRequiredComponents (7ms)
	FinalizeReload (1633ms)
		ReleaseScriptCaches (0ms)
		RebuildScriptCaches (0ms)
		SetupLoadedEditorAssemblies (496ms)
			LogAssemblyErrors (0ms)
			InitializePlatformSupportModulesInManaged (22ms)
			SetLoadedEditorAssemblies (5ms)
			RefreshPlugins (0ms)
			BeforeProcessingInitializeOnLoad (77ms)
			ProcessInitializeOnLoadAttributes (353ms)
			ProcessInitializeOnLoadMethodAttributes (32ms)
			AfterProcessingInitializeOnLoad (9ms)
			EditorAssembliesLoaded (0ms)
		ExecutionOrderSort2 (0ms)
		AwakeInstancesAfterBackupRestoration (7ms)
Refreshing native plugins compatible for Editor in 5.01 ms, found 3 plugins.
Preloading 0 native plugins for Editor in 0.00 ms.
Unloading 3295 Unused Serialized files (Serialized files now loaded: 0)
Unloading 14 unused Assets / (28.5 KB). Loaded Objects now: 3835.
Memory consumption went from 132.6 MB to 132.6 MB.
Total: 3.427000 ms (FindLiveObjects: 0.438600 ms CreateObjectMapping: 0.123600 ms MarkObjects: 2.793200 ms  DeleteObjects: 0.069700 ms)

Prepare: number of updated asset objects reloaded= 0
AssetImportParameters requested are different than current active one (requested -> active):
  custom:container-demuxer-ogg: 62fdf1f143b41e24485cea50d1cbac27 -> 
  custom:video-codec-MediaFoundation-h265: 746d11721c4dcdbdad8f713fa42b33f4 -> 
  custom:video-decoder-ogg-theora: a1e56fd34408186e4bbccfd4996cb3dc -> 
  custom:framework-win-MediaFoundation: 216162199b28c13a410421893ffa2e32 -> 
  custom:CustomObjectIndexerAttribute: 9a22284fe3817be447336de3de66b15e -> 
  custom:container-demuxer-webm: 4f35f7cbe854078d1ac9338744f61a02 -> 
  custom:container-muxer-webm: aa71ff27fc2769a1b78a27578f13a17b -> 
  custom:video-decoder-webm-vp8: 9c59270c3fd7afecdb556c50c9e8de78 -> 
  custom:scripting/monoscript/fileName/CollisionTests.cs: c06bf621d9863522ca448da2fa0be518 -> 
  custom:SearchIndexIgnoredProperties: e643bd26f0fe6173181afceb89e7c659 -> 
  custom:AudioImporter_EditorPlatform: d09bf68614088b80899f8185d706f6e7 -> 
  custom:video-encoder-webm-vp8: eb34c28f22e8b96e1ab97ce403110664 -> 
  custom:audio-decoder-ogg-vorbis: bf7c407c2cedff20999df2af8eb42d56 -> 
  custom:scripting/monoscript/fileName/LevelTests.cs: 1a156eb92be3078b1ce73f6815a6a4a4 -> 
  custom:scripting/precompiled-assembly-types:Tests: b7ec5d14ca20d06844e914da12cff1b8 -> 
  custom:audio-encoder-webm-vorbis: bf7c407c2cedff20999df2af8eb42d56 -> 
  custom:scripting/monoscript/fileName/ScoreManager.cs: 05d8b0d87322b138314bfffadaad54b8 -> 
========================================================================
Received Prepare
Caller must complete domain reload
Begin MonoManager ReloadAssembly
- Loaded All Assemblies, in  0.659 seconds
Native extension for WindowsStandalone target not found
Native extension for Android target not found
Mono: successfully reloaded assembly
- Finished resetting the current domain, in  1.491 seconds
Domain Reload Profiling: 2147ms
	BeginReloadAssembly (216ms)
		ExecutionOrderSort (0ms)
		DisableScriptedObjects (6ms)
		BackupInstance (0ms)
		ReleaseScriptingObjects (0ms)
		CreateAndSetChildDomain (59ms)
	RebuildCommonClasses (41ms)
	RebuildNativeTypeToScriptingClass (13ms)
	initialDomainReloadingComplete (37ms)
	LoadAllAssembliesAndSetupDomain (349ms)
		LoadAssemblies (425ms)
		RebuildTransferFunctionScriptingTraits (0ms)
		AnalyzeDomain (32ms)
			TypeCache.Refresh (10ms)
				TypeCache.ScanAssembly (0ms)
			ScanForSourceGeneratedMonoScriptInfo (12ms)
			ResolveRequiredComponents (6ms)
	FinalizeReload (1492ms)
		ReleaseScriptCaches (0ms)
		RebuildScriptCaches (0ms)
		SetupLoadedEditorAssemblies (468ms)
			LogAssemblyErrors (0ms)
			InitializePlatformSupportModulesInManaged (19ms)
			SetLoadedEditorAssemblies (6ms)
			RefreshPlugins (0ms)
			BeforeProcessingInitializeOnLoad (67ms)
			ProcessInitializeOnLoadAttributes (338ms)
			ProcessInitializeOnLoadMethodAttributes (30ms)
			AfterProcessingInitializeOnLoad (8ms)
			EditorAssembliesLoaded (0ms)
		ExecutionOrderSort2 (0ms)
		AwakeInstancesAfterBackupRestoration (7ms)
Refreshing native plugins compatible for Editor in 9.38 ms, found 3 plugins.
Preloading 0 native plugins for Editor in 0.00 ms.
Unloading 3295 Unused Serialized files (Serialized files now loaded: 0)
Unloading 14 unused Assets / (28.5 KB). Loaded Objects now: 3839.
Memory consumption went from 132.6 MB to 132.6 MB.
Total: 4.797600 ms (FindLiveObjects: 0.610700 ms CreateObjectMapping: 0.353800 ms MarkObjects: 3.761400 ms  DeleteObjects: 0.069800 ms)

Prepare: number of updated asset objects reloaded= 0
AssetImportParameters requested are different than current active one (requested -> active):
  custom:container-demuxer-ogg: 62fdf1f143b41e24485cea50d1cbac27 -> 
  custom:video-codec-MediaFoundation-h265: 746d11721c4dcdbdad8f713fa42b33f4 -> 
  custom:video-decoder-ogg-theora: a1e56fd34408186e4bbccfd4996cb3dc -> 
  custom:framework-win-MediaFoundation: 216162199b28c13a410421893ffa2e32 -> 
  custom:CustomObjectIndexerAttribute: 9a22284fe3817be447336de3de66b15e -> 
  custom:container-demuxer-webm: 4f35f7cbe854078d1ac9338744f61a02 -> 
  custom:container-muxer-webm: aa71ff27fc2769a1b78a27578f13a17b -> 
  custom:video-decoder-webm-vp8: 9c59270c3fd7afecdb556c50c9e8de78 -> 
  custom:scripting/monoscript/fileName/CollisionTests.cs: c06bf621d9863522ca448da2fa0be518 -> 
  custom:SearchIndexIgnoredProperties: e643bd26f0fe6173181afceb89e7c659 -> 
  custom:AudioImporter_EditorPlatform: d09bf68614088b80899f8185d706f6e7 -> 
  custom:video-encoder-webm-vp8: eb34c28f22e8b96e1ab97ce403110664 -> 
  custom:audio-decoder-ogg-vorbis: bf7c407c2cedff20999df2af8eb42d56 -> 
  custom:scripting/monoscript/fileName/LevelTests.cs: 1a156eb92be3078b1ce73f6815a6a4a4 -> 
  custom:scripting/precompiled-assembly-types:Tests: 39fabe03542b6a45c71a06434ae33e3a -> 
  custom:audio-encoder-webm-vorbis: bf7c407c2cedff20999df2af8eb42d56 -> 
  custom:scripting/monoscript/fileName/ScoreManager.cs: cb7f3541edbe7d99f59a70de7b3c760f -> 
========================================================================
Received Prepare
Caller must complete domain reload
Begin MonoManager ReloadAssembly
- Loaded All Assemblies, in  0.719 seconds
Native extension for WindowsStandalone target not found
Native extension for Android target not found
Mono: successfully reloaded assembly
- Finished resetting the current domain, in  1.511 seconds
Domain Reload Profiling: 2215ms
	BeginReloadAssembly (237ms)
		ExecutionOrderSort (0ms)
		DisableScriptedObjects (8ms)
		BackupInstance (0ms)
		ReleaseScriptingObjects (0ms)
		CreateAndSetChildDomain (43ms)
	RebuildCommonClasses (45ms)
	RebuildNativeTypeToScriptingClass (12ms)
	initialDomainReloadingComplete (45ms)
	LoadAllAssembliesAndSetupDomain (364ms)
		LoadAssemblies (483ms)
		RebuildTransferFunctionScriptingTraits (0ms)
		AnalyzeDomain (30ms)
			TypeCache.Refresh (10ms)
				TypeCache.ScanAssembly (0ms)
			ScanForSourceGeneratedMonoScriptInfo (10ms)
			ResolveRequiredComponents (8ms)
	FinalizeReload (1512ms)
		ReleaseScriptCaches (0ms)
		RebuildScriptCaches (0ms)
		SetupLoadedEditorAssemblies (461ms)
			LogAssemblyErrors (0ms)
			InitializePlatformSupportModulesInManaged (19ms)
			SetLoadedEditorAssemblies (4ms)
			RefreshPlugins (0ms)
			BeforeProcessingInitializeOnLoad (66ms)
			ProcessInitializeOnLoadAttributes (332ms)
			ProcessInitializeOnLoadMethodAttributes (32ms)
			AfterProcessingInitializeOnLoad (8ms)
			EditorAssembliesLoaded (0ms)
		ExecutionOrderSort2 (0ms)
		AwakeInstancesAfterBackupRestoration (7ms)
Refreshing native plugins compatible for Editor in 6.42 ms, found 3 plugins.
Preloading 0 native plugins for Editor in 0.00 ms.
Unloading 3295 Unused Serialized files (Serialized files now loaded: 0)
Unloading 14 unused Assets / (28.5 KB). Loaded Objects now: 3843.
Memory consumption went from 132.6 MB to 132.6 MB.
Total: 3.688700 ms (FindLiveObjects: 0.410600 ms CreateObjectMapping: 0.107400 ms MarkObjects: 3.089400 ms  DeleteObjects: 0.079700 ms)

Prepare: number of updated asset objects reloaded= 0
AssetImportParameters requested are different than current active one (requested -> active):
  custom:container-demuxer-ogg: 62fdf1f143b41e24485cea50d1cbac27 -> 
  custom:video-codec-MediaFoundation-h265: 746d11721c4dcdbdad8f713fa42b33f4 -> 
  custom:video-decoder-ogg-theora: a1e56fd34408186e4bbccfd4996cb3dc -> 
  custom:framework-win-MediaFoundation: 216162199b28c13a410421893ffa2e32 -> 
  custom:CustomObjectIndexerAttribute: 9a22284fe3817be447336de3de66b15e -> 
  custom:container-demuxer-webm: 4f35f7cbe854078d1ac9338744f61a02 -> 
  custom:container-muxer-webm: aa71ff27fc2769a1b78a27578f13a17b -> 
  custom:video-decoder-webm-vp8: 9c59270c3fd7afecdb556c50c9e8de78 -> 
  custom:scripting/monoscript/fileName/CollisionTests.cs: c06bf621d9863522ca448da2fa0be518 -> 
  custom:SearchIndexIgnoredProperties: e643bd26f0fe6173181afceb89e7c659 -> 
  custom:AudioImporter_EditorPlatform: d09bf68614088b80899f8185d706f6e7 -> 
  custom:video-encoder-webm-vp8: eb34c28f22e8b96e1ab97ce403110664 -> 
  custom:audio-decoder-ogg-vorbis: bf7c407c2cedff20999df2af8eb42d56 -> 
  custom:scripting/monoscript/fileName/LevelTests.cs: 1a156eb92be3078b1ce73f6815a6a4a4 -> 
  custom:scripting/precompiled-assembly-types:Tests: b7ec5d14ca20d06844e914da12cff1b8 -> 
  custom:audio-encoder-webm-vorbis: bf7c407c2cedff20999df2af8eb42d56 -> 
  custom:scripting/monoscript/fileName/ScoreManager.cs: cb7f3541edbe7d99f59a70de7b3c760f -> 
========================================================================
Received Prepare
Caller must complete domain reload
Begin MonoManager ReloadAssembly
- Loaded All Assemblies, in  0.909 seconds
Native extension for WindowsStandalone target not found
Native extension for Android target not found
Mono: successfully reloaded assembly
- Finished resetting the current domain, in  1.831 seconds
Domain Reload Profiling: 2737ms
	BeginReloadAssembly (215ms)
		ExecutionOrderSort (0ms)
		DisableScriptedObjects (7ms)
		BackupInstance (0ms)
		ReleaseScriptingObjects (0ms)
		CreateAndSetChildDomain (47ms)
	RebuildCommonClasses (47ms)
	RebuildNativeTypeToScriptingClass (18ms)
	initialDomainReloadingComplete (40ms)
	LoadAllAssembliesAndSetupDomain (586ms)
		LoadAssemblies (650ms)
		RebuildTransferFunctionScriptingTraits (0ms)
		AnalyzeDomain (56ms)
			TypeCache.Refresh (15ms)
				TypeCache.ScanAssembly (1ms)
			ScanForSourceGeneratedMonoScriptInfo (24ms)
			ResolveRequiredComponents (14ms)
	FinalizeReload (1832ms)
		ReleaseScriptCaches (0ms)
		RebuildScriptCaches (0ms)
		SetupLoadedEditorAssemblies (519ms)
			LogAssemblyErrors (0ms)
			InitializePlatformSupportModulesInManaged (23ms)
			SetLoadedEditorAssemblies (5ms)
			RefreshPlugins (0ms)
			BeforeProcessingInitializeOnLoad (70ms)
			ProcessInitializeOnLoadAttributes (372ms)
			ProcessInitializeOnLoadMethodAttributes (39ms)
			AfterProcessingInitializeOnLoad (9ms)
			EditorAssembliesLoaded (0ms)
		ExecutionOrderSort2 (0ms)
		AwakeInstancesAfterBackupRestoration (8ms)
Refreshing native plugins compatible for Editor in 17.30 ms, found 3 plugins.
Preloading 0 native plugins for Editor in 0.00 ms.
Unloading 3295 Unused Serialized files (Serialized files now loaded: 0)
Unloading 14 unused Assets / (28.5 KB). Loaded Objects now: 3847.
Memory consumption went from 132.7 MB to 132.6 MB.
Total: 4.930600 ms (FindLiveObjects: 0.531000 ms CreateObjectMapping: 0.219600 ms MarkObjects: 4.099600 ms  DeleteObjects: 0.078200 ms)

Prepare: number of updated asset objects reloaded= 0
AssetImportParameters requested are different than current active one (requested -> active):
  custom:container-demuxer-ogg: 62fdf1f143b41e24485cea50d1cbac27 -> 
  custom:video-codec-MediaFoundation-h265: 746d11721c4dcdbdad8f713fa42b33f4 -> 
  custom:video-decoder-ogg-theora: a1e56fd34408186e4bbccfd4996cb3dc -> 
  custom:framework-win-MediaFoundation: 216162199b28c13a410421893ffa2e32 -> 
  custom:CustomObjectIndexerAttribute: 9a22284fe3817be447336de3de66b15e -> 
  custom:container-demuxer-webm: 4f35f7cbe854078d1ac9338744f61a02 -> 
  custom:container-muxer-webm: aa71ff27fc2769a1b78a27578f13a17b -> 
  custom:video-decoder-webm-vp8: 9c59270c3fd7afecdb556c50c9e8de78 -> 
  custom:scripting/monoscript/fileName/CollisionTests.cs: c06bf621d9863522ca448da2fa0be518 -> 
  custom:SearchIndexIgnoredProperties: e643bd26f0fe6173181afceb89e7c659 -> 
  custom:AudioImporter_EditorPlatform: d09bf68614088b80899f8185d706f6e7 -> 
  custom:video-encoder-webm-vp8: eb34c28f22e8b96e1ab97ce403110664 -> 
  custom:audio-decoder-ogg-vorbis: bf7c407c2cedff20999df2af8eb42d56 -> 
  custom:scripting/monoscript/fileName/LevelTests.cs: 1a156eb92be3078b1ce73f6815a6a4a4 -> 
  custom:scripting/precompiled-assembly-types:Tests: 39fabe03542b6a45c71a06434ae33e3a -> 
  custom:audio-encoder-webm-vorbis: bf7c407c2cedff20999df2af8eb42d56 -> 
  custom:scripting/monoscript/fileName/ScoreManager.cs: cb7f3541edbe7d99f59a70de7b3c760f -> 
========================================================================
Received Prepare
Caller must complete domain reload
Begin MonoManager ReloadAssembly
- Loaded All Assemblies, in  0.629 seconds
Native extension for WindowsStandalone target not found
Native extension for Android target not found
Mono: successfully reloaded assembly
- Finished resetting the current domain, in  1.849 seconds
Domain Reload Profiling: 2474ms
	BeginReloadAssembly (203ms)
		ExecutionOrderSort (0ms)
		DisableScriptedObjects (7ms)
		BackupInstance (0ms)
		ReleaseScriptingObjects (0ms)
		CreateAndSetChildDomain (42ms)
	RebuildCommonClasses (42ms)
	RebuildNativeTypeToScriptingClass (11ms)
	initialDomainReloadingComplete (42ms)
	LoadAllAssembliesAndSetupDomain (327ms)
		LoadAssemblies (428ms)
		RebuildTransferFunctionScriptingTraits (0ms)
		AnalyzeDomain (18ms)
			TypeCache.Refresh (7ms)
				TypeCache.ScanAssembly (0ms)
			ScanForSourceGeneratedMonoScriptInfo (0ms)
			ResolveRequiredComponents (8ms)
	FinalizeReload (1849ms)
		ReleaseScriptCaches (0ms)
		RebuildScriptCaches (0ms)
		SetupLoadedEditorAssemblies (593ms)
			LogAssemblyErrors (0ms)
			InitializePlatformSupportModulesInManaged (31ms)
			SetLoadedEditorAssemblies (6ms)
			RefreshPlugins (0ms)
			BeforeProcessingInitializeOnLoad (99ms)
			ProcessInitializeOnLoadAttributes (416ms)
			ProcessInitializeOnLoadMethodAttributes (28ms)
			AfterProcessingInitializeOnLoad (13ms)
			EditorAssembliesLoaded (0ms)
		ExecutionOrderSort2 (0ms)
		AwakeInstancesAfterBackupRestoration (8ms)
Refreshing native plugins compatible for Editor in 5.42 ms, found 3 plugins.
Preloading 0 native plugins for Editor in 0.00 ms.
Unloading 3295 Unused Serialized files (Serialized files now loaded: 0)
Unloading 14 unused Assets / (28.5 KB). Loaded Objects now: 3851.
Memory consumption went from 132.7 MB to 132.6 MB.
Total: 3.604400 ms (FindLiveObjects: 0.517000 ms CreateObjectMapping: 0.198200 ms MarkObjects: 2.817400 ms  DeleteObjects: 0.069800 ms)

Prepare: number of updated asset objects reloaded= 0
AssetImportParameters requested are different than current active one (requested -> active):
  custom:container-demuxer-ogg: 62fdf1f143b41e24485cea50d1cbac27 -> 
  custom:video-codec-MediaFoundation-h265: 746d11721c4dcdbdad8f713fa42b33f4 -> 
  custom:video-decoder-ogg-theora: a1e56fd34408186e4bbccfd4996cb3dc -> 
  custom:framework-win-MediaFoundation: 216162199b28c13a410421893ffa2e32 -> 
  custom:CustomObjectIndexerAttribute: 9a22284fe3817be447336de3de66b15e -> 
  custom:container-demuxer-webm: 4f35f7cbe854078d1ac9338744f61a02 -> 
  custom:container-muxer-webm: aa71ff27fc2769a1b78a27578f13a17b -> 
  custom:video-decoder-webm-vp8: 9c59270c3fd7afecdb556c50c9e8de78 -> 
  custom:scripting/monoscript/fileName/CollisionTests.cs: c06bf621d9863522ca448da2fa0be518 -> 
  custom:SearchIndexIgnoredProperties: e643bd26f0fe6173181afceb89e7c659 -> 
  custom:AudioImporter_EditorPlatform: d09bf68614088b80899f8185d706f6e7 -> 
  custom:video-encoder-webm-vp8: eb34c28f22e8b96e1ab97ce403110664 -> 
  custom:audio-decoder-ogg-vorbis: bf7c407c2cedff20999df2af8eb42d56 -> 
  custom:scripting/monoscript/fileName/LevelTests.cs: 1a156eb92be3078b1ce73f6815a6a4a4 -> 
  custom:scripting/precompiled-assembly-types:Tests: 39fabe03542b6a45c71a06434ae33e3a -> 
  custom:audio-encoder-webm-vorbis: bf7c407c2cedff20999df2af8eb42d56 -> 
  custom:scripting/monoscript/fileName/ScoreManager.cs: cb7f3541edbe7d99f59a70de7b3c760f -> 
========================================================================
Received Import Request.
  Time since last request: 455.787688 seconds.
  path: Assets/Tests/EditMode/ScoreManager.cs
  artifactKey: Guid(7955e6f169075104386b4986121c743a) Importer(815301076,1909f56bfc062723c751e8b465ee728b)
Start importing Assets/Tests/EditMode/ScoreManager.cs using Guid(7955e6f169075104386b4986121c743a) Importer(815301076,1909f56bfc062723c751e8b465ee728b) [PhysX] Initialized MultithreadedTaskDispatcher with 8 workers.
 -> (artifact id: '70fe78896b0bb75504bfe531a0a74ffd') in 0.002481 seconds
Number of updated asset objects reloaded before import = 0
Number of asset objects unloaded after import = 0
========================================================================
Received Import Request.
  Time since last request: 6.835643 seconds.
  path: Assets/Tests/EditMode/ScoreManagerTests.cs
  artifactKey: Guid(7955e6f169075104386b4986121c743a) Importer(815301076,1909f56bfc062723c751e8b465ee728b)
Start importing Assets/Tests/EditMode/ScoreManagerTests.cs using Guid(7955e6f169075104386b4986121c743a) Importer(815301076,1909f56bfc062723c751e8b465ee728b) [PhysX] Initialized MultithreadedTaskDispatcher with 8 workers.
 -> (artifact id: '6e82d0dfca089140c9d91962e172eab3') in 0.001472 seconds
Number of updated asset objects reloaded before import = 0
Number of asset objects unloaded after import = 0
========================================================================
Received Prepare
Caller must complete domain reload
Begin MonoManager ReloadAssembly
- Loaded All Assemblies, in  0.673 seconds
Native extension for WindowsStandalone target not found
Native extension for Android target not found
Mono: successfully reloaded assembly
- Finished resetting the current domain, in  1.905 seconds
Domain Reload Profiling: 2576ms
	BeginReloadAssembly (227ms)
		ExecutionOrderSort (0ms)
		DisableScriptedObjects (6ms)
		BackupInstance (0ms)
		ReleaseScriptingObjects (0ms)
		CreateAndSetChildDomain (48ms)
	RebuildCommonClasses (44ms)
	RebuildNativeTypeToScriptingClass (11ms)
	initialDomainReloadingComplete (39ms)
	LoadAllAssembliesAndSetupDomain (348ms)
		LoadAssemblies (455ms)
		RebuildTransferFunctionScriptingTraits (0ms)
		AnalyzeDomain (32ms)
			TypeCache.Refresh (11ms)
				TypeCache.ScanAssembly (0ms)
			ScanForSourceGeneratedMonoScriptInfo (11ms)
			ResolveRequiredComponents (7ms)
	FinalizeReload (1906ms)
		ReleaseScriptCaches (0ms)
		RebuildScriptCaches (0ms)
		SetupLoadedEditorAssemblies (609ms)
			LogAssemblyErrors (0ms)
			InitializePlatformSupportModulesInManaged (29ms)
			SetLoadedEditorAssemblies (7ms)
			RefreshPlugins (0ms)
			BeforeProcessingInitializeOnLoad (82ms)
			ProcessInitializeOnLoadAttributes (442ms)
			ProcessInitializeOnLoadMethodAttributes (39ms)
			AfterProcessingInitializeOnLoad (9ms)
			EditorAssembliesLoaded (0ms)
		ExecutionOrderSort2 (0ms)
		AwakeInstancesAfterBackupRestoration (10ms)
Refreshing native plugins compatible for Editor in 6.98 ms, found 3 plugins.
Preloading 0 native plugins for Editor in 0.00 ms.
Unloading 3294 Unused Serialized files (Serialized files now loaded: 0)
Unloading 14 unused Assets / (28.5 KB). Loaded Objects now: 3855.
Memory consumption went from 132.4 MB to 132.4 MB.
Total: 5.798200 ms (FindLiveObjects: 0.556100 ms CreateObjectMapping: 0.135900 ms MarkObjects: 4.995600 ms  DeleteObjects: 0.108300 ms)

Prepare: number of updated asset objects reloaded= 0
AssetImportParameters requested are different than current active one (requested -> active):
  custom:container-demuxer-ogg: 62fdf1f143b41e24485cea50d1cbac27 -> 
  custom:video-codec-MediaFoundation-h265: 746d11721c4dcdbdad8f713fa42b33f4 -> 
  custom:video-decoder-ogg-theora: a1e56fd34408186e4bbccfd4996cb3dc -> 
  custom:framework-win-MediaFoundation: 216162199b28c13a410421893ffa2e32 -> 
  custom:scripting/monoscript/fileName/ScoreManagerTests.cs: 05d8b0d87322b138314bfffadaad54b8 -> 
  custom:CustomObjectIndexerAttribute: 9a22284fe3817be447336de3de66b15e -> 
  custom:container-demuxer-webm: 4f35f7cbe854078d1ac9338744f61a02 -> 
  custom:container-muxer-webm: aa71ff27fc2769a1b78a27578f13a17b -> 
  custom:video-decoder-webm-vp8: 9c59270c3fd7afecdb556c50c9e8de78 -> 
  custom:scripting/monoscript/fileName/CollisionTests.cs: c06bf621d9863522ca448da2fa0be518 -> 
  custom:SearchIndexIgnoredProperties: e643bd26f0fe6173181afceb89e7c659 -> 
  custom:AudioImporter_EditorPlatform: d09bf68614088b80899f8185d706f6e7 -> 
  custom:video-encoder-webm-vp8: eb34c28f22e8b96e1ab97ce403110664 -> 
  custom:audio-decoder-ogg-vorbis: bf7c407c2cedff20999df2af8eb42d56 -> 
  custom:scripting/monoscript/fileName/LevelTests.cs: 1a156eb92be3078b1ce73f6815a6a4a4 -> 
  custom:scripting/precompiled-assembly-types:Tests: 92848b51f56742f239e268e337a90314 -> 
  custom:audio-encoder-webm-vorbis: bf7c407c2cedff20999df2af8eb42d56 -> 
  custom:scripting/monoscript/fileName/ScoreManager.cs: cb7f3541edbe7d99f59a70de7b3c760f -> 
========================================================================
Received Import Request.
  Time since last request: 7.804610 seconds.
  path: Assets/Tests/EditMode/ScoreManagerTests.cs
  artifactKey: Guid(7955e6f169075104386b4986121c743a) Importer(815301076,1909f56bfc062723c751e8b465ee728b)
Start importing Assets/Tests/EditMode/ScoreManagerTests.cs using Guid(7955e6f169075104386b4986121c743a) Importer(815301076,1909f56bfc062723c751e8b465ee728b) [PhysX] Initialized MultithreadedTaskDispatcher with 8 workers.
 -> (artifact id: 'e0333fa76def468acd172a47f1ee07b3') in 0.005171 seconds
Number of updated asset objects reloaded before import = 0
Number of asset objects unloaded after import = 0
========================================================================
Received Prepare
Caller must complete domain reload
Begin MonoManager ReloadAssembly
- Loaded All Assemblies, in  0.671 seconds
Native extension for WindowsStandalone target not found
Native extension for Android target not found
Mono: successfully reloaded assembly
- Finished resetting the current domain, in  1.873 seconds
Domain Reload Profiling: 2542ms
	BeginReloadAssembly (230ms)
		ExecutionOrderSort (0ms)
		DisableScriptedObjects (6ms)
		BackupInstance (0ms)
		ReleaseScriptingObjects (0ms)
		CreateAndSetChildDomain (45ms)
	RebuildCommonClasses (45ms)
	RebuildNativeTypeToScriptingClass (12ms)
	initialDomainReloadingComplete (39ms)
	LoadAllAssembliesAndSetupDomain (342ms)
		LoadAssemblies (444ms)
		RebuildTransferFunctionScriptingTraits (0ms)
		AnalyzeDomain (35ms)
			TypeCache.Refresh (14ms)
				TypeCache.ScanAssembly (0ms)
			ScanForSourceGeneratedMonoScriptInfo (9ms)
			ResolveRequiredComponents (9ms)
	FinalizeReload (1874ms)
		ReleaseScriptCaches (0ms)
		RebuildScriptCaches (0ms)
		SetupLoadedEditorAssemblies (601ms)
			LogAssemblyErrors (0ms)
			InitializePlatformSupportModulesInManaged (27ms)
			SetLoadedEditorAssemblies (6ms)
			RefreshPlugins (0ms)
			BeforeProcessingInitializeOnLoad (90ms)
			ProcessInitializeOnLoadAttributes (429ms)
			ProcessInitializeOnLoadMethodAttributes (40ms)
			AfterProcessingInitializeOnLoad (9ms)
			EditorAssembliesLoaded (0ms)
		ExecutionOrderSort2 (0ms)
		AwakeInstancesAfterBackupRestoration (9ms)
Refreshing native plugins compatible for Editor in 7.73 ms, found 3 plugins.
Preloading 0 native plugins for Editor in 0.00 ms.
Unloading 3294 Unused Serialized files (Serialized files now loaded: 0)
Unloading 14 unused Assets / (28.5 KB). Loaded Objects now: 3859.
Memory consumption went from 132.4 MB to 132.4 MB.
Total: 9.997800 ms (FindLiveObjects: 0.405700 ms CreateObjectMapping: 0.114200 ms MarkObjects: 9.405200 ms  DeleteObjects: 0.071300 ms)

Prepare: number of updated asset objects reloaded= 0
AssetImportParameters requested are different than current active one (requested -> active):
  custom:container-demuxer-ogg: 62fdf1f143b41e24485cea50d1cbac27 -> 
  custom:video-codec-MediaFoundation-h265: 746d11721c4dcdbdad8f713fa42b33f4 -> 
  custom:video-decoder-ogg-theora: a1e56fd34408186e4bbccfd4996cb3dc -> 
  custom:framework-win-MediaFoundation: 216162199b28c13a410421893ffa2e32 -> 
  custom:scripting/monoscript/fileName/ScoreManagerTests.cs: cb7f3541edbe7d99f59a70de7b3c760f -> 
  custom:CustomObjectIndexerAttribute: 9a22284fe3817be447336de3de66b15e -> 
  custom:container-demuxer-webm: 4f35f7cbe854078d1ac9338744f61a02 -> 
  custom:container-muxer-webm: aa71ff27fc2769a1b78a27578f13a17b -> 
  custom:video-decoder-webm-vp8: 9c59270c3fd7afecdb556c50c9e8de78 -> 
  custom:scripting/monoscript/fileName/CollisionTests.cs: c06bf621d9863522ca448da2fa0be518 -> 
  custom:SearchIndexIgnoredProperties: e643bd26f0fe6173181afceb89e7c659 -> 
  custom:AudioImporter_EditorPlatform: d09bf68614088b80899f8185d706f6e7 -> 
  custom:video-encoder-webm-vp8: eb34c28f22e8b96e1ab97ce403110664 -> 
  custom:audio-decoder-ogg-vorbis: bf7c407c2cedff20999df2af8eb42d56 -> 
  custom:scripting/monoscript/fileName/LevelTests.cs: 1a156eb92be3078b1ce73f6815a6a4a4 -> 
  custom:scripting/precompiled-assembly-types:Tests: 15f011be6e1af7b8dac9821f1acbe2e3 -> 
  custom:audio-encoder-webm-vorbis: bf7c407c2cedff20999df2af8eb42d56 -> 
  custom:scripting/monoscript/fileName/ScoreManager.cs: cb7f3541edbe7d99f59a70de7b3c760f -> 
========================================================================
Received Import Request.
  Time since last request: 11.432523 seconds.
  path: Assets/Tests/ScoreManagerTests.cs
  artifactKey: Guid(7955e6f169075104386b4986121c743a) Importer(815301076,1909f56bfc062723c751e8b465ee728b)
Start importing Assets/Tests/ScoreManagerTests.cs using Guid(7955e6f169075104386b4986121c743a) Importer(815301076,1909f56bfc062723c751e8b465ee728b) [PhysX] Initialized MultithreadedTaskDispatcher with 8 workers.
 -> (artifact id: '5adc29e1c19cf05e616050c85be80fcb') in 0.004162 seconds
Number of updated asset objects reloaded before import = 0
Number of asset objects unloaded after import = 0
========================================================================
Received Prepare
Caller must complete domain reload
Begin MonoManager ReloadAssembly
- Loaded All Assemblies, in  0.657 seconds
Native extension for WindowsStandalone target not found
Native extension for Android target not found
Mono: successfully reloaded assembly
- Finished resetting the current domain, in  1.638 seconds
Domain Reload Profiling: 2292ms
	BeginReloadAssembly (199ms)
		ExecutionOrderSort (0ms)
		DisableScriptedObjects (7ms)
		BackupInstance (0ms)
		ReleaseScriptingObjects (0ms)
		CreateAndSetChildDomain (41ms)
	RebuildCommonClasses (48ms)
	RebuildNativeTypeToScriptingClass (14ms)
	initialDomainReloadingComplete (39ms)
	LoadAllAssembliesAndSetupDomain (352ms)
		LoadAssemblies (436ms)
		RebuildTransferFunctionScriptingTraits (0ms)
		AnalyzeDomain (33ms)
			TypeCache.Refresh (12ms)
				TypeCache.ScanAssembly (1ms)
			ScanForSourceGeneratedMonoScriptInfo (8ms)
			ResolveRequiredComponents (9ms)
	FinalizeReload (1639ms)
		ReleaseScriptCaches (0ms)
		RebuildScriptCaches (0ms)
		SetupLoadedEditorAssemblies (450ms)
			LogAssemblyErrors (0ms)
			InitializePlatformSupportModulesInManaged (20ms)
			SetLoadedEditorAssemblies (6ms)
			RefreshPlugins (0ms)
			BeforeProcessingInitializeOnLoad (66ms)
			ProcessInitializeOnLoadAttributes (325ms)
			ProcessInitializeOnLoadMethodAttributes (25ms)
			AfterProcessingInitializeOnLoad (8ms)
			EditorAssembliesLoaded (0ms)
		ExecutionOrderSort2 (0ms)
		AwakeInstancesAfterBackupRestoration (7ms)
Refreshing native plugins compatible for Editor in 5.64 ms, found 3 plugins.
Preloading 0 native plugins for Editor in 0.00 ms.
Unloading 3294 Unused Serialized files (Serialized files now loaded: 0)
Unloading 14 unused Assets / (28.5 KB). Loaded Objects now: 3863.
Memory consumption went from 132.4 MB to 132.4 MB.
Total: 3.512800 ms (FindLiveObjects: 0.402600 ms CreateObjectMapping: 0.103500 ms MarkObjects: 2.930600 ms  DeleteObjects: 0.074200 ms)

Prepare: number of updated asset objects reloaded= 0
AssetImportParameters requested are different than current active one (requested -> active):
  custom:container-demuxer-ogg: 62fdf1f143b41e24485cea50d1cbac27 -> 
  custom:video-codec-MediaFoundation-h265: 746d11721c4dcdbdad8f713fa42b33f4 -> 
  custom:video-decoder-ogg-theora: a1e56fd34408186e4bbccfd4996cb3dc -> 
  custom:framework-win-MediaFoundation: 216162199b28c13a410421893ffa2e32 -> 
  custom:scripting/monoscript/fileName/ScoreManagerTests.cs: cb7f3541edbe7d99f59a70de7b3c760f -> 
  custom:CustomObjectIndexerAttribute: 9a22284fe3817be447336de3de66b15e -> 
  custom:container-demuxer-webm: 4f35f7cbe854078d1ac9338744f61a02 -> 
  custom:container-muxer-webm: aa71ff27fc2769a1b78a27578f13a17b -> 
  custom:video-decoder-webm-vp8: 9c59270c3fd7afecdb556c50c9e8de78 -> 
  custom:scripting/monoscript/fileName/CollisionTests.cs: c06bf621d9863522ca448da2fa0be518 -> 
  custom:SearchIndexIgnoredProperties: e643bd26f0fe6173181afceb89e7c659 -> 
  custom:AudioImporter_EditorPlatform: d09bf68614088b80899f8185d706f6e7 -> 
  custom:video-encoder-webm-vp8: eb34c28f22e8b96e1ab97ce403110664 -> 
  custom:audio-decoder-ogg-vorbis: bf7c407c2cedff20999df2af8eb42d56 -> 
  custom:scripting/monoscript/fileName/LevelTests.cs: 1a156eb92be3078b1ce73f6815a6a4a4 -> 
  custom:scripting/precompiled-assembly-types:Tests: 26229a65164f9e45eb2585443c126120 -> 
  custom:audio-encoder-webm-vorbis: bf7c407c2cedff20999df2af8eb42d56 -> 
  custom:scripting/monoscript/fileName/ScoreManager.cs: cb7f3541edbe7d99f59a70de7b3c760f -> 
========================================================================
Received Import Request.
  Time since last request: 54.792276 seconds.
  path: Assets/scripts/ScoreManager.cs
  artifactKey: Guid(d488debc2b710ae4997cc65ebecc779c) Importer(815301076,1909f56bfc062723c751e8b465ee728b)
Start importing Assets/scripts/ScoreManager.cs using Guid(d488debc2b710ae4997cc65ebecc779c) Importer(815301076,1909f56bfc062723c751e8b465ee728b) [PhysX] Initialized MultithreadedTaskDispatcher with 8 workers.
 -> (artifact id: '4149ebe76d11445ef0797902d007ba6c') in 0.003173 seconds
Number of updated asset objects reloaded before import = 0
Number of asset objects unloaded after import = 0
========================================================================
Received Import Request.
  Time since last request: 26.428217 seconds.
  path: Assets/scripts/ScoreManager.cs
  artifactKey: Guid(d488debc2b710ae4997cc65ebecc779c) Importer(815301076,1909f56bfc062723c751e8b465ee728b)
Start importing Assets/scripts/ScoreManager.cs using Guid(d488debc2b710ae4997cc65ebecc779c) Importer(815301076,1909f56bfc062723c751e8b465ee728b) [PhysX] Initialized MultithreadedTaskDispatcher with 8 workers.
 -> (artifact id: '68f3341abb0be325b02ed1d53f0defe6') in 0.001133 seconds
Number of updated asset objects reloaded before import = 0
Number of asset objects unloaded after import = 0
========================================================================
Received Import Request.
  Time since last request: 189.258732 seconds.
  path: Assets/scripts/NewAssembly.asmdef
  artifactKey: Guid(1154dd4ebc10ca64bb44ecb1e614ab56) Importer(815301076,1909f56bfc062723c751e8b465ee728b)
Start importing Assets/scripts/NewAssembly.asmdef using Guid(1154dd4ebc10ca64bb44ecb1e614ab56) Importer(815301076,1909f56bfc062723c751e8b465ee728b) [PhysX] Initialized MultithreadedTaskDispatcher with 8 workers.
 -> (artifact id: 'e9cee91efe8e1e9c92c2aa3579219689') in 0.001355 seconds
Number of updated asset objects reloaded before import = 0
Number of asset objects unloaded after import = 0
========================================================================
Received Import Request.
  Time since last request: 18.439579 seconds.
  path: Assets/scripts/GameScripts.asmdef
  artifactKey: Guid(1154dd4ebc10ca64bb44ecb1e614ab56) Importer(815301076,1909f56bfc062723c751e8b465ee728b)
Start importing Assets/scripts/GameScripts.asmdef using Guid(1154dd4ebc10ca64bb44ecb1e614ab56) Importer(815301076,1909f56bfc062723c751e8b465ee728b) [PhysX] Initialized MultithreadedTaskDispatcher with 8 workers.
 -> (artifact id: '3eaf0b456d572590e7ef9b1b7a647635') in 0.011835 seconds
Number of updated asset objects reloaded before import = 0
Number of asset objects unloaded after import = 0
========================================================================
Received Import Request.
  Time since last request: 56.543849 seconds.
  path: Packages/com.unity.testtools.codecoverage/Editor/CodeCoverage.Editor.asmdef
  artifactKey: Guid(37180d43aa4b85c4b9076e2ef48a3b2a) Importer(815301076,1909f56bfc062723c751e8b465ee728b)
Start importing Packages/com.unity.testtools.codecoverage/Editor/CodeCoverage.Editor.asmdef using Guid(37180d43aa4b85c4b9076e2ef48a3b2a) Importer(815301076,1909f56bfc062723c751e8b465ee728b) [PhysX] Initialized MultithreadedTaskDispatcher with 8 workers.
 -> (artifact id: '52b3fde3652f327e186d9e35845c12e8') in 0.000893 seconds
Number of updated asset objects reloaded before import = 0
Number of asset objects unloaded after import = 0
========================================================================
Received Import Request.
  Time since last request: 0.009006 seconds.
  path: Packages/com.unity.ide.rider/Rider/Editor/com.unity.ide.rider.asmdef
  artifactKey: Guid(d528c8c98d269ca44a06cd9624a03945) Importer(815301076,1909f56bfc062723c751e8b465ee728b)
Start importing Packages/com.unity.ide.rider/Rider/Editor/com.unity.ide.rider.asmdef using Guid(d528c8c98d269ca44a06cd9624a03945) Importer(815301076,1909f56bfc062723c751e8b465ee728b) [PhysX] Initialized MultithreadedTaskDispatcher with 8 workers.
 -> (artifact id: '653b4dc4e14ebe9cb4ad55e49673933f') in 0.001069 seconds
Number of updated asset objects reloaded before import = 0
Number of asset objects unloaded after import = 0
========================================================================
Received Import Request.
  Time since last request: 0.009473 seconds.
  path: Packages/com.unity.ide.visualstudio/Editor/com.unity.ide.visualstudio.asmdef
  artifactKey: Guid(b93f844d45cfcc44fa2b0eed5c9ec6bb) Importer(815301076,1909f56bfc062723c751e8b465ee728b)
Start importing Packages/com.unity.ide.visualstudio/Editor/com.unity.ide.visualstudio.asmdef using Guid(b93f844d45cfcc44fa2b0eed5c9ec6bb) Importer(815301076,1909f56bfc062723c751e8b465ee728b) [PhysX] Initialized MultithreadedTaskDispatcher with 8 workers.
 -> (artifact id: '1040d4a0cf6dad1b9dfcf7687229467a') in 0.000837 seconds
Number of updated asset objects reloaded before import = 0
Number of asset objects unloaded after import = 0
========================================================================
Received Import Request.
  Time since last request: 0.009366 seconds.
  path: Packages/com.unity.testtools.codecoverage/Editor/Compatibility/Compatibility.asmdef
  artifactKey: Guid(5518f4bf96c8e9849ab65cbaaf1191e1) Importer(815301076,1909f56bfc062723c751e8b465ee728b)
Start importing Packages/com.unity.testtools.codecoverage/Editor/Compatibility/Compatibility.asmdef using Guid(5518f4bf96c8e9849ab65cbaaf1191e1) Importer(815301076,1909f56bfc062723c751e8b465ee728b) [PhysX] Initialized MultithreadedTaskDispatcher with 8 workers.
 -> (artifact id: '6a1b731df9e35f057a02470fd4413a82') in 0.000931 seconds
Number of updated asset objects reloaded before import = 0
Number of asset objects unloaded after import = 0
========================================================================
Received Import Request.
  Time since last request: 0.008636 seconds.
  path: Packages/com.unity.timeline/DocCodeExamples/DocCodeExamples.asmdef
  artifactKey: Guid(9550f6b9c1ac87345a996c43f204fb30) Importer(815301076,1909f56bfc062723c751e8b465ee728b)
Start importing Packages/com.unity.timeline/DocCodeExamples/DocCodeExamples.asmdef using Guid(9550f6b9c1ac87345a996c43f204fb30) Importer(815301076,1909f56bfc062723c751e8b465ee728b) [PhysX] Initialized MultithreadedTaskDispatcher with 8 workers.
 -> (artifact id: '6cc3f59a0ddd4ea5ec4181fede874391') in 0.000794 seconds
Number of updated asset objects reloaded before import = 0
Number of asset objects unloaded after import = 0
========================================================================
Received Import Request.
  Time since last request: 0.009355 seconds.
  path: Packages/com.unity.testtools.codecoverage/Editor/CoverageFormats/OpenCover/Model/Model.asmdef
  artifactKey: Guid(19c3df1967929405fba735480b3da9a7) Importer(815301076,1909f56bfc062723c751e8b465ee728b)
Start importing Packages/com.unity.testtools.codecoverage/Editor/CoverageFormats/OpenCover/Model/Model.asmdef using Guid(19c3df1967929405fba735480b3da9a7) Importer(815301076,1909f56bfc062723c751e8b465ee728b) [PhysX] Initialized MultithreadedTaskDispatcher with 8 workers.
 -> (artifact id: '9aa09bebe5a6f3791df346bc6227fba0') in 0.001116 seconds
Number of updated asset objects reloaded before import = 0
Number of asset objects unloaded after import = 0
========================================================================
Received Import Request.
  Time since last request: 0.008526 seconds.
  path: Packages/com.unity.testtools.codecoverage/Editor/CoverageFormats/OpenCover/Mono.Reflection/Reflection.asmdef
  artifactKey: Guid(eecdf9bdfcb2949619db458f3e24c5e2) Importer(815301076,1909f56bfc062723c751e8b465ee728b)
Start importing Packages/com.unity.testtools.codecoverage/Editor/CoverageFormats/OpenCover/Mono.Reflection/Reflection.asmdef using Guid(eecdf9bdfcb2949619db458f3e24c5e2) Importer(815301076,1909f56bfc062723c751e8b465ee728b) [PhysX] Initialized MultithreadedTaskDispatcher with 8 workers.
 -> (artifact id: '519d3c1493cab8b3cc7e6e239435b16a') in 0.000893 seconds
Number of updated asset objects reloaded before import = 0
Number of asset objects unloaded after import = 0
========================================================================
Received Import Request.
  Time since last request: 2.122460 seconds.
  path: Packages/com.unity.2d.sprite/Tests/Editor/Unity.2D.Sprite.Package.EditorTests.asmdef
  artifactKey: Guid(52648b72c7bef2040bf0cfa8dd0f74da) Importer(815301076,1909f56bfc062723c751e8b465ee728b)
Start importing Packages/com.unity.2d.sprite/Tests/Editor/Unity.2D.Sprite.Package.EditorTests.asmdef using Guid(52648b72c7bef2040bf0cfa8dd0f74da) Importer(815301076,1909f56bfc062723c751e8b465ee728b) [PhysX] Initialized MultithreadedTaskDispatcher with 8 workers.
 -> (artifact id: 'e47b917ed648242db78d35892a8ab79b') in 0.000859 seconds
Number of updated asset objects reloaded before import = 0
Number of asset objects unloaded after import = 0
========================================================================
Received Import Request.
  Time since last request: 0.009546 seconds.
  path: Packages/com.unity.settings-manager/Editor/Unity.Settings.Editor.asmdef
  artifactKey: Guid(49818357e697641afb75d2f8acaf1861) Importer(815301076,1909f56bfc062723c751e8b465ee728b)
Start importing Packages/com.unity.settings-manager/Editor/Unity.Settings.Editor.asmdef using Guid(49818357e697641afb75d2f8acaf1861) Importer(815301076,1909f56bfc062723c751e8b465ee728b) [PhysX] Initialized MultithreadedTaskDispatcher with 8 workers.
 -> (artifact id: '1205128f6f04a7b0854a6631b0043f89') in 0.000900 seconds
Number of updated asset objects reloaded before import = 0
Number of asset objects unloaded after import = 0
========================================================================
Received Import Request.
  Time since last request: 0.008934 seconds.
  path: Packages/com.unity.settings-manager/Tests/Editor/Unity.Settings.Editor.Tests.asmdef
  artifactKey: Guid(b8c9b6a82a342504c8e4a2747471d23c) Importer(815301076,1909f56bfc062723c751e8b465ee728b)
Start importing Packages/com.unity.settings-manager/Tests/Editor/Unity.Settings.Editor.Tests.asmdef using Guid(b8c9b6a82a342504c8e4a2747471d23c) Importer(815301076,1909f56bfc062723c751e8b465ee728b) [PhysX] Initialized MultithreadedTaskDispatcher with 8 workers.
 -> (artifact id: 'ad9b50f11637da26e2f24300d0d7e04f') in 0.000831 seconds
Number of updated asset objects reloaded before import = 0
Number of asset objects unloaded after import = 0
========================================================================
Received Import Request.
  Time since last request: 0.008929 seconds.
  path: Packages/com.unity.visualscripting/Runtime/VisualScripting.Core/Unity.VisualScripting.Core.asmdef
  artifactKey: Guid(21b0c8d1703a94250bfac916590cea4f) Importer(815301076,1909f56bfc062723c751e8b465ee728b)
Start importing Packages/com.unity.visualscripting/Runtime/VisualScripting.Core/Unity.VisualScripting.Core.asmdef using Guid(21b0c8d1703a94250bfac916590cea4f) Importer(815301076,1909f56bfc062723c751e8b465ee728b) [PhysX] Initialized MultithreadedTaskDispatcher with 8 workers.
 -> (artifact id: '1fe0d497cba7020d8875aacccfacc397') in 0.000796 seconds
Number of updated asset objects reloaded before import = 0
Number of asset objects unloaded after import = 0
========================================================================
Received Import Request.
  Time since last request: 0.012650 seconds.
  path: Packages/com.unity.visualscripting/Editor/VisualScripting.Core/Unity.VisualScripting.Core.Editor.asmdef
  artifactKey: Guid(54cb1906aeb4e4264bc1d2aa3818a43f) Importer(815301076,1909f56bfc062723c751e8b465ee728b)
Start importing Packages/com.unity.visualscripting/Editor/VisualScripting.Core/Unity.VisualScripting.Core.Editor.asmdef using Guid(54cb1906aeb4e4264bc1d2aa3818a43f) Importer(815301076,1909f56bfc062723c751e8b465ee728b) [PhysX] Initialized MultithreadedTaskDispatcher with 8 workers.
 -> (artifact id: 'cc31d96fa4aec6b21f65b4e74dbc2092') in 0.000868 seconds
Number of updated asset objects reloaded before import = 0
Number of asset objects unloaded after import = 0
========================================================================
Received Import Request.
  Time since last request: 0.008922 seconds.
  path: Packages/com.unity.visualscripting/Runtime/VisualScripting.Flow/Unity.VisualScripting.Flow.asmdef
  artifactKey: Guid(ea715009a4efd4c6cbc85be3ae097dd3) Importer(815301076,1909f56bfc062723c751e8b465ee728b)
Start importing Packages/com.unity.visualscripting/Runtime/VisualScripting.Flow/Unity.VisualScripting.Flow.asmdef using Guid(ea715009a4efd4c6cbc85be3ae097dd3) Importer(815301076,1909f56bfc062723c751e8b465ee728b) [PhysX] Initialized MultithreadedTaskDispatcher with 8 workers.
 -> (artifact id: '57097b04ac7298ff5e2c9f8d9af57426') in 0.001331 seconds
Number of updated asset objects reloaded before import = 0
Number of asset objects unloaded after import = 0
========================================================================
Received Import Request.
  Time since last request: 14.766573 seconds.
  path: Assets/Tests/Tests.asmdef
  artifactKey: Guid(444d8d81482c63c4e804217d9e959975) Importer(815301076,1909f56bfc062723c751e8b465ee728b)
Start importing Assets/Tests/Tests.asmdef using Guid(444d8d81482c63c4e804217d9e959975) Importer(815301076,1909f56bfc062723c751e8b465ee728b) [PhysX] Initialized MultithreadedTaskDispatcher with 8 workers.
 -> (artifact id: '4c96de2164027a207338acd75f235a89') in 0.001406 seconds
Number of updated asset objects reloaded before import = 0
Number of asset objects unloaded after import = 0
========================================================================
Received Import Request.
  Time since last request: 328.750694 seconds.
  path: Packages/com.unity.2d.sprite/Editor/Unity.2D.Sprite.Editor.asmdef
  artifactKey: Guid(2c573e6b271651846a79655161004c5b) Importer(815301076,1909f56bfc062723c751e8b465ee728b)
Start importing Packages/com.unity.2d.sprite/Editor/Unity.2D.Sprite.Editor.asmdef using Guid(2c573e6b271651846a79655161004c5b) Importer(815301076,1909f56bfc062723c751e8b465ee728b) [PhysX] Initialized MultithreadedTaskDispatcher with 8 workers.
 -> (artifact id: '775018b0adc3eef01083f854da9649f1') in 0.001132 seconds
Number of updated asset objects reloaded before import = 0
Number of asset objects unloaded after import = 0
========================================================================
Received Import Request.
  Time since last request: 0.008979 seconds.
  path: Packages/com.unity.collab-proxy/Editor/Toolbar/Unity.CollabProxy.Editor.asmdef
  artifactKey: Guid(17b36165d09634a48bf5a0e4bb27f4bd) Importer(815301076,1909f56bfc062723c751e8b465ee728b)
Start importing Packages/com.unity.collab-proxy/Editor/Toolbar/Unity.CollabProxy.Editor.asmdef using Guid(17b36165d09634a48bf5a0e4bb27f4bd) Importer(815301076,1909f56bfc062723c751e8b465ee728b) [PhysX] Initialized MultithreadedTaskDispatcher with 8 workers.
 -> (artifact id: '44c0fb5efcc80e070a59dd61c18e9de2') in 0.000869 seconds
Number of updated asset objects reloaded before import = 0
Number of asset objects unloaded after import = 0
========================================================================
Received Import Request.
  Time since last request: 0.009560 seconds.
  path: Packages/com.unity.ide.vscode/Editor/Unity.com.unity.vscode.Editor.asmdef
  artifactKey: Guid(8b845b123ab418448a8be2935fa804e0) Importer(815301076,1909f56bfc062723c751e8b465ee728b)
Start importing Packages/com.unity.ide.vscode/Editor/Unity.com.unity.vscode.Editor.asmdef using Guid(8b845b123ab418448a8be2935fa804e0) Importer(815301076,1909f56bfc062723c751e8b465ee728b) [PhysX] Initialized MultithreadedTaskDispatcher with 8 workers.
 -> (artifact id: 'c6222dff5eba1c07bada807aa1b8a16a') in 0.003962 seconds
Number of updated asset objects reloaded before import = 0
Number of asset objects unloaded after import = 0
========================================================================
Received Import Request.
  Time since last request: 0.007264 seconds.
  path: Packages/com.unity.editorcoroutines/Editor/Unity.EditorCoroutines.Editor.asmdef
  artifactKey: Guid(478a2357cc57436488a56e564b08d223) Importer(815301076,1909f56bfc062723c751e8b465ee728b)
Start importing Packages/com.unity.editorcoroutines/Editor/Unity.EditorCoroutines.Editor.asmdef using Guid(478a2357cc57436488a56e564b08d223) Importer(815301076,1909f56bfc062723c751e8b465ee728b) [PhysX] Initialized MultithreadedTaskDispatcher with 8 workers.
 -> (artifact id: '330210197e59ff25a68f025c0ba81df2') in 0.000837 seconds
Number of updated asset objects reloaded before import = 0
Number of asset objects unloaded after import = 0
========================================================================
Received Import Request.
  Time since last request: 0.009503 seconds.
  path: Packages/com.unity.performance.profile-analyzer/Editor/Unity.Performance.Profile-Analyzer.Editor.asmdef
  artifactKey: Guid(211d499e772b640dbb43b9de9b957156) Importer(815301076,1909f56bfc062723c751e8b465ee728b)
Start importing Packages/com.unity.performance.profile-analyzer/Editor/Unity.Performance.Profile-Analyzer.Editor.asmdef using Guid(211d499e772b640dbb43b9de9b957156) Importer(815301076,1909f56bfc062723c751e8b465ee728b) [PhysX] Initialized MultithreadedTaskDispatcher with 8 workers.
 -> (artifact id: '00c4b4ce87fa9a6ad550a8b3925b0e32') in 0.001055 seconds
Number of updated asset objects reloaded before import = 0
Number of asset objects unloaded after import = 0
========================================================================
Received Import Request.
  Time since last request: 3.765076 seconds.
  path: Packages/com.unity.performance.profile-analyzer/Tests/Editor/Unity.Performance.Profile-Analyzer.EditorTests.asmdef
  artifactKey: Guid(97505fd80b553409c995f274ad2a533b) Importer(815301076,1909f56bfc062723c751e8b465ee728b)
Start importing Packages/com.unity.performance.profile-analyzer/Tests/Editor/Unity.Performance.Profile-Analyzer.EditorTests.asmdef using Guid(97505fd80b553409c995f274ad2a533b) Importer(815301076,1909f56bfc062723c751e8b465ee728b) [PhysX] Initialized MultithreadedTaskDispatcher with 8 workers.
 -> (artifact id: '78619afe63cdeff65eae366243261c19') in 0.001081 seconds
Number of updated asset objects reloaded before import = 0
Number of asset objects unloaded after import = 0
========================================================================
Received Import Request.
  Time since last request: 0.009751 seconds.
  path: Packages/com.unity.textmeshpro/Scripts/Runtime/Unity.TextMeshPro.asmdef
  artifactKey: Guid(6055be8ebefd69e48b49212b09b47b2f) Importer(815301076,1909f56bfc062723c751e8b465ee728b)
Start importing Packages/com.unity.textmeshpro/Scripts/Runtime/Unity.TextMeshPro.asmdef using Guid(6055be8ebefd69e48b49212b09b47b2f) Importer(815301076,1909f56bfc062723c751e8b465ee728b) [PhysX] Initialized MultithreadedTaskDispatcher with 8 workers.
 -> (artifact id: 'd2368a0dd8988ffa99b868ed2c25fed6') in 0.000841 seconds
Number of updated asset objects reloaded before import = 0
Number of asset objects unloaded after import = 0
========================================================================
Received Import Request.
  Time since last request: 0.009925 seconds.
  path: Packages/com.unity.textmeshpro/Scripts/Editor/Unity.TextMeshPro.Editor.asmdef
  artifactKey: Guid(6546d7765b4165b40850b3667f981c26) Importer(815301076,1909f56bfc062723c751e8b465ee728b)
Start importing Packages/com.unity.textmeshpro/Scripts/Editor/Unity.TextMeshPro.Editor.asmdef using Guid(6546d7765b4165b40850b3667f981c26) Importer(815301076,1909f56bfc062723c751e8b465ee728b) [PhysX] Initialized MultithreadedTaskDispatcher with 8 workers.
 -> (artifact id: 'c2b4b836bbc1ca085a4f7fa0662eb10e') in 0.000857 seconds
Number of updated asset objects reloaded before import = 0
Number of asset objects unloaded after import = 0
========================================================================
Received Import Request.
  Time since last request: 0.008485 seconds.
  path: Packages/com.unity.textmeshpro/Tests/Editor/Unity.TextMeshPro.Editor.Tests.asmdef
  artifactKey: Guid(656e461844099ae43a609ff6109b0877) Importer(815301076,1909f56bfc062723c751e8b465ee728b)
Start importing Packages/com.unity.textmeshpro/Tests/Editor/Unity.TextMeshPro.Editor.Tests.asmdef using Guid(656e461844099ae43a609ff6109b0877) Importer(815301076,1909f56bfc062723c751e8b465ee728b) [PhysX] Initialized MultithreadedTaskDispatcher with 8 workers.
 -> (artifact id: 'db9aaa4a1d3ce1a639fb33b7f0d3d064') in 0.001353 seconds
Number of updated asset objects reloaded before import = 0
Number of asset objects unloaded after import = 0
========================================================================
Received Import Request.
  Time since last request: 0.461622 seconds.
  path: Packages/com.unity.textmeshpro/Tests/Runtime/Unity.TextMeshPro.Tests.asmdef
  artifactKey: Guid(bb05cab7d802aa5468f8f2f86840d984) Importer(815301076,1909f56bfc062723c751e8b465ee728b)
Start importing Packages/com.unity.textmeshpro/Tests/Runtime/Unity.TextMeshPro.Tests.asmdef using Guid(bb05cab7d802aa5468f8f2f86840d984) Importer(815301076,1909f56bfc062723c751e8b465ee728b) [PhysX] Initialized MultithreadedTaskDispatcher with 8 workers.
 -> (artifact id: '51aa29c03f27d3df26e9c77362babbd9') in 0.001375 seconds
Number of updated asset objects reloaded before import = 0
Number of asset objects unloaded after import = 0
========================================================================
Received Import Request.
  Time since last request: 20.750316 seconds.
  path: Assets/scripts/GameScripts.asmdef
  artifactKey: Guid(1154dd4ebc10ca64bb44ecb1e614ab56) Importer(815301076,1909f56bfc062723c751e8b465ee728b)
Start importing Assets/scripts/GameScripts.asmdef using Guid(1154dd4ebc10ca64bb44ecb1e614ab56) Importer(815301076,1909f56bfc062723c751e8b465ee728b) [PhysX] Initialized MultithreadedTaskDispatcher with 8 workers.
 -> (artifact id: '656e6e13c024afb086793a3c6d11c262') in 0.001037 seconds
Number of updated asset objects reloaded before import = 0
Number of asset objects unloaded after import = 0
========================================================================
Received Prepare
Caller must complete domain reload
Begin MonoManager ReloadAssembly
- Loaded All Assemblies, in  0.747 seconds
Native extension for WindowsStandalone target not found
Native extension for Android target not found
Mono: successfully reloaded assembly
- Finished resetting the current domain, in  1.747 seconds
Domain Reload Profiling: 2491ms
	BeginReloadAssembly (316ms)
		ExecutionOrderSort (0ms)
		DisableScriptedObjects (7ms)
		BackupInstance (0ms)
		ReleaseScriptingObjects (0ms)
		CreateAndSetChildDomain (125ms)
	RebuildCommonClasses (43ms)
	RebuildNativeTypeToScriptingClass (12ms)
	initialDomainReloadingComplete (38ms)
	LoadAllAssembliesAndSetupDomain (335ms)
		LoadAssemblies (451ms)
		RebuildTransferFunctionScriptingTraits (0ms)
		AnalyzeDomain (31ms)
			TypeCache.Refresh (14ms)
				TypeCache.ScanAssembly (1ms)
			ScanForSourceGeneratedMonoScriptInfo (9ms)
			ResolveRequiredComponents (5ms)
	FinalizeReload (1748ms)
		ReleaseScriptCaches (0ms)
		RebuildScriptCaches (0ms)
		SetupLoadedEditorAssemblies (563ms)
			LogAssemblyErrors (0ms)
			InitializePlatformSupportModulesInManaged (21ms)
			SetLoadedEditorAssemblies (4ms)
			RefreshPlugins (0ms)
			BeforeProcessingInitializeOnLoad (68ms)
			ProcessInitializeOnLoadAttributes (421ms)
			ProcessInitializeOnLoadMethodAttributes (38ms)
			AfterProcessingInitializeOnLoad (11ms)
			EditorAssembliesLoaded (0ms)
		ExecutionOrderSort2 (0ms)
		AwakeInstancesAfterBackupRestoration (9ms)
Refreshing native plugins compatible for Editor in 10.48 ms, found 3 plugins.
Preloading 0 native plugins for Editor in 0.00 ms.
Unloading 3295 Unused Serialized files (Serialized files now loaded: 0)
Unloading 14 unused Assets / (28.5 KB). Loaded Objects now: 3868.
Memory consumption went from 132.5 MB to 132.4 MB.
Total: 5.302500 ms (FindLiveObjects: 0.451100 ms CreateObjectMapping: 0.179500 ms MarkObjects: 4.586800 ms  DeleteObjects: 0.083400 ms)

Prepare: number of updated asset objects reloaded= 0
AssetImportParameters requested are different than current active one (requested -> active):
  custom:scripting/monoscript/fileName/MainMenu.cs: 1c817acf410cd949481c65994e425af8 -> c093076ba5753d7bec74a8a751ffb653
  custom:container-demuxer-ogg: 62fdf1f143b41e24485cea50d1cbac27 -> 
  custom:scripting/monoscript/fileName/GameManager.cs: 591b9dda26c88c4b347cf9aba43e5441 -> 9933fbcc6190e2a9171c2ec8808a053e
  custom:video-codec-MediaFoundation-h265: 746d11721c4dcdbdad8f713fa42b33f4 -> 
  custom:scripting/monoscript/fileName/ItemSpawner.cs: 2cc964c35e3fa1b9c6b5076de77c6188 -> 4e8c3c7882809ad4f78d264785dff7a1
  custom:video-decoder-ogg-theora: a1e56fd34408186e4bbccfd4996cb3dc -> 
  custom:scripting/monoscript/fileName/WallManager.cs: 3bfde75fcb97f9ec0ae740bdb969516c -> a7fc8757609dc11f5e7dad4e9cb9424b
  custom:framework-win-MediaFoundation: 216162199b28c13a410421893ffa2e32 -> 
  custom:scripting/monoscript/fileName/ScoreManagerTests.cs: b9807a9b54dc14deb831dff02fb30a0e -> 
  custom:scripting/monoscript/fileName/PlayerController.cs: faa3893f82667bd64f70a0f446ae5e9e -> d93a52a180fbbe603a59e9aa6da73c83
  custom:scripting/monoscript/fileName/PlatformManager.cs: b343e4af90e5cbaeae6e03496c80978e -> 0586f90054b227c3639c89bda563293b
  custom:CustomObjectIndexerAttribute: 9a22284fe3817be447336de3de66b15e -> 
  custom:scripting/monoscript/fileName/UIManager.cs: 121681201746640b63b86afcf0727f8c -> 2595dc2cbd41cc2d023a3ebb28d87e9e
  custom:container-demuxer-webm: 4f35f7cbe854078d1ac9338744f61a02 -> 
  custom:scripting/monoscript/fileName/CameraFollow.cs: 32e45d4ec37a96336efaaee44ce39ea5 -> de990732cc429467f8f49571d0872163
  custom:container-muxer-webm: aa71ff27fc2769a1b78a27578f13a17b -> 
  custom:scripting/monoscript/fileName/CameraShake.cs: cf12dba3c564d8a7a207f8e9cc1ff9c2 -> 61b37e781c1c2a8a53b71db3ef951a2f
  custom:video-decoder-webm-vp8: 9c59270c3fd7afecdb556c50c9e8de78 -> 
  custom:scripting/monoscript/fileName/CollisionTests.cs: c06bf621d9863522ca448da2fa0be518 -> 
  custom:SearchIndexIgnoredProperties: e643bd26f0fe6173181afceb89e7c659 -> 
  custom:scripting/monoscript/fileName/ParticleAutoDestroy.cs: f810ec2591b8e4ebe2d8ab009a6b0e22 -> 98dba0c4d8f13b1a22fd1376d6a3b847
  custom:AudioImporter_EditorPlatform: d09bf68614088b80899f8185d706f6e7 -> 
  custom:scripting/monoscript/fileName/Hazard.cs: 41b66515f1c02c33450b0353c769b30b -> d5476c399ff03036a20eb0843c37d718
  custom:video-encoder-webm-vp8: eb34c28f22e8b96e1ab97ce403110664 -> 
  custom:audio-decoder-ogg-vorbis: bf7c407c2cedff20999df2af8eb42d56 -> 
  custom:scripting/precompiled-assembly-types:NewAssembly: e6066cbb05030f6c46e70dd0452bdb99 -> 
  custom:scripting/monoscript/fileName/Collectible.cs: 3022fbb7e79c039a5843379ef7ee615a -> b86e3b51e1e8eabd47b104a8ce852c38
  custom:scripting/monoscript/fileName/LevelTests.cs: 1a156eb92be3078b1ce73f6815a6a4a4 -> 
  custom:scripting/precompiled-assembly-types:Tests: c6eb1434659d71ed42b5485504058afb -> 
  custom:audio-encoder-webm-vorbis: bf7c407c2cedff20999df2af8eb42d56 -> 
  custom:scripting/monoscript/fileName/ScoreManager.cs: ad1381b2e25a36e1677084dbbd27eb4b -> 
  custom:scripting/precompiled-assembly-types:Assembly-CSharp: 336e09473730186699a09c23abd43b0e -> d6f577250278495e968e93454aaaae06
========================================================================
Received Prepare
Caller must complete domain reload
Begin MonoManager ReloadAssembly
- Loaded All Assemblies, in  0.697 seconds
Native extension for WindowsStandalone target not found
Native extension for Android target not found
Mono: successfully reloaded assembly
- Finished resetting the current domain, in  1.709 seconds
Domain Reload Profiling: 2402ms
	BeginReloadAssembly (230ms)
		ExecutionOrderSort (0ms)
		DisableScriptedObjects (7ms)
		BackupInstance (0ms)
		ReleaseScriptingObjects (0ms)
		CreateAndSetChildDomain (49ms)
	RebuildCommonClasses (59ms)
	RebuildNativeTypeToScriptingClass (12ms)
	initialDomainReloadingComplete (39ms)
	LoadAllAssembliesAndSetupDomain (354ms)
		LoadAssemblies (464ms)
		RebuildTransferFunctionScriptingTraits (0ms)
		AnalyzeDomain (23ms)
			TypeCache.Refresh (10ms)
				TypeCache.ScanAssembly (0ms)
			ScanForSourceGeneratedMonoScriptInfo (0ms)
			ResolveRequiredComponents (9ms)
	FinalizeReload (1710ms)
		ReleaseScriptCaches (0ms)
		RebuildScriptCaches (0ms)
		SetupLoadedEditorAssemblies (515ms)
			LogAssemblyErrors (0ms)
			InitializePlatformSupportModulesInManaged (28ms)
			SetLoadedEditorAssemblies (5ms)
			RefreshPlugins (0ms)
			BeforeProcessingInitializeOnLoad (81ms)
			ProcessInitializeOnLoadAttributes (359ms)
			ProcessInitializeOnLoadMethodAttributes (34ms)
			AfterProcessingInitializeOnLoad (9ms)
			EditorAssembliesLoaded (0ms)
		ExecutionOrderSort2 (0ms)
		AwakeInstancesAfterBackupRestoration (7ms)
Refreshing native plugins compatible for Editor in 5.77 ms, found 3 plugins.
Preloading 0 native plugins for Editor in 0.00 ms.
Unloading 3296 Unused Serialized files (Serialized files now loaded: 0)
Unloading 14 unused Assets / (28.5 KB). Loaded Objects now: 3872.
Memory consumption went from 132.7 MB to 132.7 MB.
Total: 3.657600 ms (FindLiveObjects: 0.545600 ms CreateObjectMapping: 0.140000 ms MarkObjects: 2.902500 ms  DeleteObjects: 0.067900 ms)

Prepare: number of updated asset objects reloaded= 0
AssetImportParameters requested are different than current active one (requested -> active):
  custom:scripting/monoscript/fileName/MainMenu.cs: 1c817acf410cd949481c65994e425af8 -> c093076ba5753d7bec74a8a751ffb653
  custom:container-demuxer-ogg: 62fdf1f143b41e24485cea50d1cbac27 -> 
  custom:scripting/monoscript/fileName/GameManager.cs: 591b9dda26c88c4b347cf9aba43e5441 -> 9933fbcc6190e2a9171c2ec8808a053e
  custom:video-codec-MediaFoundation-h265: 746d11721c4dcdbdad8f713fa42b33f4 -> 
  custom:scripting/monoscript/fileName/ItemSpawner.cs: 2cc964c35e3fa1b9c6b5076de77c6188 -> 4e8c3c7882809ad4f78d264785dff7a1
  custom:video-decoder-ogg-theora: a1e56fd34408186e4bbccfd4996cb3dc -> 
  custom:scripting/monoscript/fileName/WallManager.cs: 3bfde75fcb97f9ec0ae740bdb969516c -> a7fc8757609dc11f5e7dad4e9cb9424b
  custom:framework-win-MediaFoundation: 216162199b28c13a410421893ffa2e32 -> 
  custom:scripting/monoscript/fileName/ScoreManagerTests.cs: b9807a9b54dc14deb831dff02fb30a0e -> 
  custom:scripting/monoscript/fileName/PlayerController.cs: faa3893f82667bd64f70a0f446ae5e9e -> d93a52a180fbbe603a59e9aa6da73c83
  custom:scripting/monoscript/fileName/PlatformManager.cs: b343e4af90e5cbaeae6e03496c80978e -> 0586f90054b227c3639c89bda563293b
  custom:CustomObjectIndexerAttribute: 9a22284fe3817be447336de3de66b15e -> 
  custom:scripting/monoscript/fileName/UIManager.cs: 121681201746640b63b86afcf0727f8c -> 2595dc2cbd41cc2d023a3ebb28d87e9e
  custom:container-demuxer-webm: 4f35f7cbe854078d1ac9338744f61a02 -> 
  custom:scripting/monoscript/fileName/CameraFollow.cs: 32e45d4ec37a96336efaaee44ce39ea5 -> de990732cc429467f8f49571d0872163
  custom:container-muxer-webm: aa71ff27fc2769a1b78a27578f13a17b -> 
  custom:scripting/monoscript/fileName/CameraShake.cs: cf12dba3c564d8a7a207f8e9cc1ff9c2 -> 61b37e781c1c2a8a53b71db3ef951a2f
  custom:video-decoder-webm-vp8: 9c59270c3fd7afecdb556c50c9e8de78 -> 
  custom:scripting/monoscript/fileName/CollisionTests.cs: c06bf621d9863522ca448da2fa0be518 -> 
  custom:SearchIndexIgnoredProperties: e643bd26f0fe6173181afceb89e7c659 -> 
  custom:scripting/monoscript/fileName/ParticleAutoDestroy.cs: f810ec2591b8e4ebe2d8ab009a6b0e22 -> 98dba0c4d8f13b1a22fd1376d6a3b847
  custom:AudioImporter_EditorPlatform: d09bf68614088b80899f8185d706f6e7 -> 
  custom:scripting/monoscript/fileName/Hazard.cs: 41b66515f1c02c33450b0353c769b30b -> d5476c399ff03036a20eb0843c37d718
  custom:video-encoder-webm-vp8: eb34c28f22e8b96e1ab97ce403110664 -> 
  custom:audio-decoder-ogg-vorbis: bf7c407c2cedff20999df2af8eb42d56 -> 
  custom:scripting/precompiled-assembly-types:NewAssembly: e6066cbb05030f6c46e70dd0452bdb99 -> 
  custom:scripting/monoscript/fileName/Collectible.cs: 3022fbb7e79c039a5843379ef7ee615a -> b86e3b51e1e8eabd47b104a8ce852c38
  custom:scripting/monoscript/fileName/LevelTests.cs: 1a156eb92be3078b1ce73f6815a6a4a4 -> 
  custom:scripting/precompiled-assembly-types:Tests: c6eb1434659d71ed42b5485504058afb -> 
  custom:audio-encoder-webm-vorbis: bf7c407c2cedff20999df2af8eb42d56 -> 
  custom:scripting/monoscript/fileName/ScoreManager.cs: ad1381b2e25a36e1677084dbbd27eb4b -> 
  custom:scripting/precompiled-assembly-types:Assembly-CSharp: 336e09473730186699a09c23abd43b0e -> d6f577250278495e968e93454aaaae06
========================================================================
Received Prepare
Caller must complete domain reload
Begin MonoManager ReloadAssembly
- Loaded All Assemblies, in  0.653 seconds
Native extension for WindowsStandalone target not found
Native extension for Android target not found
Mono: successfully reloaded assembly
- Finished resetting the current domain, in  1.788 seconds
Domain Reload Profiling: 2437ms
	BeginReloadAssembly (222ms)
		ExecutionOrderSort (0ms)
		DisableScriptedObjects (8ms)
		BackupInstance (0ms)
		ReleaseScriptingObjects (0ms)
		CreateAndSetChildDomain (40ms)
	RebuildCommonClasses (50ms)
	RebuildNativeTypeToScriptingClass (13ms)
	initialDomainReloadingComplete (50ms)
	LoadAllAssembliesAndSetupDomain (313ms)
		LoadAssemblies (429ms)
		RebuildTransferFunctionScriptingTraits (0ms)
		AnalyzeDomain (16ms)
			TypeCache.Refresh (7ms)
				TypeCache.ScanAssembly (0ms)
			ScanForSourceGeneratedMonoScriptInfo (0ms)
			ResolveRequiredComponents (6ms)
	FinalizeReload (1789ms)
		ReleaseScriptCaches (0ms)
		RebuildScriptCaches (0ms)
		SetupLoadedEditorAssemblies (570ms)
			LogAssemblyErrors (0ms)
			InitializePlatformSupportModulesInManaged (23ms)
			SetLoadedEditorAssemblies (9ms)
			RefreshPlugins (0ms)
			BeforeProcessingInitializeOnLoad (100ms)
			ProcessInitializeOnLoadAttributes (403ms)
			ProcessInitializeOnLoadMethodAttributes (25ms)
			AfterProcessingInitializeOnLoad (9ms)
			EditorAssembliesLoaded (0ms)
		ExecutionOrderSort2 (0ms)
		AwakeInstancesAfterBackupRestoration (7ms)
Refreshing native plugins compatible for Editor in 5.20 ms, found 3 plugins.
Preloading 0 native plugins for Editor in 0.00 ms.
Unloading 3296 Unused Serialized files (Serialized files now loaded: 0)
Unloading 14 unused Assets / (28.5 KB). Loaded Objects now: 3876.
Memory consumption went from 132.7 MB to 132.7 MB.
Total: 3.759900 ms (FindLiveObjects: 0.420100 ms CreateObjectMapping: 0.175800 ms MarkObjects: 3.093000 ms  DeleteObjects: 0.068400 ms)

Prepare: number of updated asset objects reloaded= 0
AssetImportParameters requested are different than current active one (requested -> active):
  custom:scripting/monoscript/fileName/MainMenu.cs: 1c817acf410cd949481c65994e425af8 -> c093076ba5753d7bec74a8a751ffb653
  custom:container-demuxer-ogg: 62fdf1f143b41e24485cea50d1cbac27 -> 
  custom:scripting/monoscript/fileName/GameManager.cs: 591b9dda26c88c4b347cf9aba43e5441 -> 9933fbcc6190e2a9171c2ec8808a053e
  custom:video-codec-MediaFoundation-h265: 746d11721c4dcdbdad8f713fa42b33f4 -> 
  custom:scripting/monoscript/fileName/ItemSpawner.cs: 2cc964c35e3fa1b9c6b5076de77c6188 -> 4e8c3c7882809ad4f78d264785dff7a1
  custom:video-decoder-ogg-theora: a1e56fd34408186e4bbccfd4996cb3dc -> 
  custom:scripting/monoscript/fileName/WallManager.cs: 3bfde75fcb97f9ec0ae740bdb969516c -> a7fc8757609dc11f5e7dad4e9cb9424b
  custom:framework-win-MediaFoundation: 216162199b28c13a410421893ffa2e32 -> 
  custom:scripting/monoscript/fileName/ScoreManagerTests.cs: b9807a9b54dc14deb831dff02fb30a0e -> 
  custom:scripting/monoscript/fileName/PlayerController.cs: faa3893f82667bd64f70a0f446ae5e9e -> d93a52a180fbbe603a59e9aa6da73c83
  custom:scripting/monoscript/fileName/PlatformManager.cs: b343e4af90e5cbaeae6e03496c80978e -> 0586f90054b227c3639c89bda563293b
  custom:CustomObjectIndexerAttribute: 9a22284fe3817be447336de3de66b15e -> 
  custom:scripting/monoscript/fileName/UIManager.cs: 121681201746640b63b86afcf0727f8c -> 2595dc2cbd41cc2d023a3ebb28d87e9e
  custom:container-demuxer-webm: 4f35f7cbe854078d1ac9338744f61a02 -> 
  custom:scripting/monoscript/fileName/CameraFollow.cs: 32e45d4ec37a96336efaaee44ce39ea5 -> de990732cc429467f8f49571d0872163
  custom:container-muxer-webm: aa71ff27fc2769a1b78a27578f13a17b -> 
  custom:scripting/monoscript/fileName/CameraShake.cs: cf12dba3c564d8a7a207f8e9cc1ff9c2 -> 61b37e781c1c2a8a53b71db3ef951a2f
  custom:video-decoder-webm-vp8: 9c59270c3fd7afecdb556c50c9e8de78 -> 
  custom:scripting/monoscript/fileName/CollisionTests.cs: c06bf621d9863522ca448da2fa0be518 -> 
  custom:SearchIndexIgnoredProperties: e643bd26f0fe6173181afceb89e7c659 -> 
  custom:scripting/monoscript/fileName/ParticleAutoDestroy.cs: f810ec2591b8e4ebe2d8ab009a6b0e22 -> 98dba0c4d8f13b1a22fd1376d6a3b847
  custom:AudioImporter_EditorPlatform: d09bf68614088b80899f8185d706f6e7 -> 
  custom:scripting/monoscript/fileName/Hazard.cs: 41b66515f1c02c33450b0353c769b30b -> d5476c399ff03036a20eb0843c37d718
  custom:video-encoder-webm-vp8: eb34c28f22e8b96e1ab97ce403110664 -> 
  custom:audio-decoder-ogg-vorbis: bf7c407c2cedff20999df2af8eb42d56 -> 
  custom:scripting/precompiled-assembly-types:NewAssembly: e6066cbb05030f6c46e70dd0452bdb99 -> 
  custom:scripting/monoscript/fileName/Collectible.cs: 3022fbb7e79c039a5843379ef7ee615a -> b86e3b51e1e8eabd47b104a8ce852c38
  custom:scripting/monoscript/fileName/LevelTests.cs: 1a156eb92be3078b1ce73f6815a6a4a4 -> 
  custom:scripting/precompiled-assembly-types:Tests: c6eb1434659d71ed42b5485504058afb -> 
  custom:audio-encoder-webm-vorbis: bf7c407c2cedff20999df2af8eb42d56 -> 
  custom:scripting/monoscript/fileName/ScoreManager.cs: ad1381b2e25a36e1677084dbbd27eb4b -> 
  custom:scripting/precompiled-assembly-types:Assembly-CSharp: 336e09473730186699a09c23abd43b0e -> d6f577250278495e968e93454aaaae06
========================================================================
Received Prepare
Caller must complete domain reload
Begin MonoManager ReloadAssembly
- Loaded All Assemblies, in  0.628 seconds
Native extension for WindowsStandalone target not found
Native extension for Android target not found
Mono: successfully reloaded assembly
- Finished resetting the current domain, in  1.898 seconds
Domain Reload Profiling: 2522ms
	BeginReloadAssembly (200ms)
		ExecutionOrderSort (0ms)
		DisableScriptedObjects (6ms)
		BackupInstance (0ms)
		ReleaseScriptingObjects (0ms)
		CreateAndSetChildDomain (45ms)
	RebuildCommonClasses (49ms)
	RebuildNativeTypeToScriptingClass (13ms)
	initialDomainReloadingComplete (42ms)
	LoadAllAssembliesAndSetupDomain (319ms)
		LoadAssemblies (409ms)
		RebuildTransferFunctionScriptingTraits (0ms)
		AnalyzeDomain (17ms)
			TypeCache.Refresh (8ms)
				TypeCache.ScanAssembly (0ms)
			ScanForSourceGeneratedMonoScriptInfo (0ms)
			ResolveRequiredComponents (6ms)
	FinalizeReload (1899ms)
		ReleaseScriptCaches (0ms)
		RebuildScriptCaches (0ms)
		SetupLoadedEditorAssemblies (614ms)
			LogAssemblyErrors (0ms)
			InitializePlatformSupportModulesInManaged (30ms)
			SetLoadedEditorAssemblies (7ms)
			RefreshPlugins (0ms)
			BeforeProcessingInitializeOnLoad (91ms)
			ProcessInitializeOnLoadAttributes (447ms)
			ProcessInitializeOnLoadMethodAttributes (28ms)
			AfterProcessingInitializeOnLoad (11ms)
			EditorAssembliesLoaded (0ms)
		ExecutionOrderSort2 (0ms)
		AwakeInstancesAfterBackupRestoration (13ms)
Refreshing native plugins compatible for Editor in 6.20 ms, found 3 plugins.
Preloading 0 native plugins for Editor in 0.00 ms.
Unloading 3296 Unused Serialized files (Serialized files now loaded: 0)
Unloading 14 unused Assets / (28.5 KB). Loaded Objects now: 3880.
Memory consumption went from 132.8 MB to 132.7 MB.
Total: 3.465800 ms (FindLiveObjects: 0.412200 ms CreateObjectMapping: 0.105100 ms MarkObjects: 2.881800 ms  DeleteObjects: 0.065100 ms)

Prepare: number of updated asset objects reloaded= 0
AssetImportParameters requested are different than current active one (requested -> active):
  custom:scripting/monoscript/fileName/MainMenu.cs: 1c817acf410cd949481c65994e425af8 -> c093076ba5753d7bec74a8a751ffb653
  custom:container-demuxer-ogg: 62fdf1f143b41e24485cea50d1cbac27 -> 
  custom:scripting/monoscript/fileName/GameManager.cs: 591b9dda26c88c4b347cf9aba43e5441 -> 9933fbcc6190e2a9171c2ec8808a053e
  custom:video-codec-MediaFoundation-h265: 746d11721c4dcdbdad8f713fa42b33f4 -> 
  custom:scripting/monoscript/fileName/ItemSpawner.cs: 2cc964c35e3fa1b9c6b5076de77c6188 -> 4e8c3c7882809ad4f78d264785dff7a1
  custom:video-decoder-ogg-theora: a1e56fd34408186e4bbccfd4996cb3dc -> 
  custom:scripting/monoscript/fileName/WallManager.cs: 3bfde75fcb97f9ec0ae740bdb969516c -> a7fc8757609dc11f5e7dad4e9cb9424b
  custom:framework-win-MediaFoundation: 216162199b28c13a410421893ffa2e32 -> 
  custom:scripting/monoscript/fileName/ScoreManagerTests.cs: b9807a9b54dc14deb831dff02fb30a0e -> 
  custom:scripting/monoscript/fileName/PlayerController.cs: faa3893f82667bd64f70a0f446ae5e9e -> d93a52a180fbbe603a59e9aa6da73c83
  custom:scripting/monoscript/fileName/PlatformManager.cs: b343e4af90e5cbaeae6e03496c80978e -> 0586f90054b227c3639c89bda563293b
  custom:CustomObjectIndexerAttribute: 9a22284fe3817be447336de3de66b15e -> 
  custom:scripting/monoscript/fileName/UIManager.cs: 121681201746640b63b86afcf0727f8c -> 2595dc2cbd41cc2d023a3ebb28d87e9e
  custom:container-demuxer-webm: 4f35f7cbe854078d1ac9338744f61a02 -> 
  custom:scripting/monoscript/fileName/CameraFollow.cs: 32e45d4ec37a96336efaaee44ce39ea5 -> de990732cc429467f8f49571d0872163
  custom:container-muxer-webm: aa71ff27fc2769a1b78a27578f13a17b -> 
  custom:scripting/monoscript/fileName/CameraShake.cs: cf12dba3c564d8a7a207f8e9cc1ff9c2 -> 61b37e781c1c2a8a53b71db3ef951a2f
  custom:video-decoder-webm-vp8: 9c59270c3fd7afecdb556c50c9e8de78 -> 
  custom:scripting/monoscript/fileName/CollisionTests.cs: c06bf621d9863522ca448da2fa0be518 -> 
  custom:SearchIndexIgnoredProperties: e643bd26f0fe6173181afceb89e7c659 -> 
  custom:scripting/monoscript/fileName/ParticleAutoDestroy.cs: f810ec2591b8e4ebe2d8ab009a6b0e22 -> 98dba0c4d8f13b1a22fd1376d6a3b847
  custom:AudioImporter_EditorPlatform: d09bf68614088b80899f8185d706f6e7 -> 
  custom:scripting/monoscript/fileName/Hazard.cs: 41b66515f1c02c33450b0353c769b30b -> d5476c399ff03036a20eb0843c37d718
  custom:video-encoder-webm-vp8: eb34c28f22e8b96e1ab97ce403110664 -> 
  custom:audio-decoder-ogg-vorbis: bf7c407c2cedff20999df2af8eb42d56 -> 
  custom:scripting/precompiled-assembly-types:NewAssembly: e6066cbb05030f6c46e70dd0452bdb99 -> 
  custom:scripting/monoscript/fileName/Collectible.cs: 3022fbb7e79c039a5843379ef7ee615a -> b86e3b51e1e8eabd47b104a8ce852c38
  custom:scripting/monoscript/fileName/LevelTests.cs: 1a156eb92be3078b1ce73f6815a6a4a4 -> 
  custom:scripting/precompiled-assembly-types:Tests: c6eb1434659d71ed42b5485504058afb -> 
  custom:audio-encoder-webm-vorbis: bf7c407c2cedff20999df2af8eb42d56 -> 
  custom:scripting/monoscript/fileName/ScoreManager.cs: ad1381b2e25a36e1677084dbbd27eb4b -> 
  custom:scripting/precompiled-assembly-types:Assembly-CSharp: 336e09473730186699a09c23abd43b0e -> d6f577250278495e968e93454aaaae06
========================================================================
Received Import Request.
  Time since last request: 495.814816 seconds.
  path: Assets/Audio
  artifactKey: Guid(3dc55650b2024e64980ac54263298306) Importer(815301076,1909f56bfc062723c751e8b465ee728b)
Start importing Assets/Audio using Guid(3dc55650b2024e64980ac54263298306) Importer(815301076,1909f56bfc062723c751e8b465ee728b) [PhysX] Initialized MultithreadedTaskDispatcher with 8 workers.
 -> (artifact id: '4caf6c5f5da662bec8b76e477692cc0b') in 0.002685 seconds
Number of updated asset objects reloaded before import = 0
Number of asset objects unloaded after import = 0
========================================================================
Received Import Request.
  Time since last request: 58.351847 seconds.
  path: Assets/Audio/Level Up.mp3
  artifactKey: Guid(4b1711c1ad3192549bb26cce991b3c68) Importer(815301076,1909f56bfc062723c751e8b465ee728b)
Start importing Assets/Audio/Level Up.mp3 using Guid(4b1711c1ad3192549bb26cce991b3c68) Importer(815301076,1909f56bfc062723c751e8b465ee728b) [PhysX] Initialized MultithreadedTaskDispatcher with 8 workers.
[PhysX] Initialized MultithreadedTaskDispatcher with 8 workers.
 -> (artifact id: '801ac1d150c9d25e677882a58f4c9cd0') in 0.299600 seconds
Number of updated asset objects reloaded before import = 0
Number of asset objects unloaded after import = 2
========================================================================
Received Import Request.
  Time since last request: 29.876603 seconds.
  path: Assets/Audio/Level Up - Incompetech.mp3
  artifactKey: Guid(4b1711c1ad3192549bb26cce991b3c68) Importer(815301076,1909f56bfc062723c751e8b465ee728b)
Start importing Assets/Audio/Level Up - Incompetech.mp3 using Guid(4b1711c1ad3192549bb26cce991b3c68) Importer(815301076,1909f56bfc062723c751e8b465ee728b) [PhysX] Initialized MultithreadedTaskDispatcher with 8 workers.
[PhysX] Initialized MultithreadedTaskDispatcher with 8 workers.
 -> (artifact id: '1dd2eaaa211100d22df703aec8c01d86') in 0.030264 seconds
Number of updated asset objects reloaded before import = 0
Number of asset objects unloaded after import = 2
========================================================================
Received Import Request.
  Time since last request: 52.698179 seconds.
  path: Assets/Audio/Level Up - Incompetech.mp3
  artifactKey: Guid(4b1711c1ad3192549bb26cce991b3c68) Importer(815301076,1909f56bfc062723c751e8b465ee728b)
Start importing Assets/Audio/Level Up - Incompetech.mp3 using Guid(4b1711c1ad3192549bb26cce991b3c68) Importer(815301076,1909f56bfc062723c751e8b465ee728b) [PhysX] Initialized MultithreadedTaskDispatcher with 8 workers.
[PhysX] Initialized MultithreadedTaskDispatcher with 8 workers.
 -> (artifact id: '4b84fa5120ac541fcb5033eb7588cac0') in 0.050864 seconds
Number of updated asset objects reloaded before import = 0
Number of asset objects unloaded after import = 2
========================================================================
Received Import Request.
  Time since last request: 135.064295 seconds.
  path: Assets/scripts/MusicManager.cs
  artifactKey: Guid(07ead5157e7420a4c8b1fbb9203b7c9f) Importer(815301076,1909f56bfc062723c751e8b465ee728b)
Start importing Assets/scripts/MusicManager.cs using Guid(07ead5157e7420a4c8b1fbb9203b7c9f) Importer(815301076,1909f56bfc062723c751e8b465ee728b) [PhysX] Initialized MultithreadedTaskDispatcher with 8 workers.
 -> (artifact id: 'fd99ae77bc30990e6292e3ef31832b03') in 0.001264 seconds
Number of updated asset objects reloaded before import = 0
Number of asset objects unloaded after import = 0
========================================================================
Received Prepare
Caller must complete domain reload
Begin MonoManager ReloadAssembly
- Loaded All Assemblies, in  0.720 seconds
Native extension for WindowsStandalone target not found
Native extension for Android target not found
Mono: successfully reloaded assembly
- Finished resetting the current domain, in  2.507 seconds
Domain Reload Profiling: 3224ms
	BeginReloadAssembly (224ms)
		ExecutionOrderSort (0ms)
		DisableScriptedObjects (6ms)
		BackupInstance (0ms)
		ReleaseScriptingObjects (0ms)
		CreateAndSetChildDomain (56ms)
	RebuildCommonClasses (61ms)
	RebuildNativeTypeToScriptingClass (13ms)
	initialDomainReloadingComplete (44ms)
	LoadAllAssembliesAndSetupDomain (374ms)
		LoadAssemblies (467ms)
		RebuildTransferFunctionScriptingTraits (0ms)
		AnalyzeDomain (35ms)
			TypeCache.Refresh (11ms)
				TypeCache.ScanAssembly (1ms)
			ScanForSourceGeneratedMonoScriptInfo (12ms)
			ResolveRequiredComponents (8ms)
	FinalizeReload (2507ms)
		ReleaseScriptCaches (0ms)
		RebuildScriptCaches (0ms)
		SetupLoadedEditorAssemblies (728ms)
			LogAssemblyErrors (0ms)
			InitializePlatformSupportModulesInManaged (31ms)
			SetLoadedEditorAssemblies (8ms)
			RefreshPlugins (0ms)
			BeforeProcessingInitializeOnLoad (88ms)
			ProcessInitializeOnLoadAttributes (537ms)
			ProcessInitializeOnLoadMethodAttributes (54ms)
			AfterProcessingInitializeOnLoad (11ms)
			EditorAssembliesLoaded (0ms)
		ExecutionOrderSort2 (0ms)
		AwakeInstancesAfterBackupRestoration (12ms)
Refreshing native plugins compatible for Editor in 8.67 ms, found 3 plugins.
Preloading 0 native plugins for Editor in 0.00 ms.
Unloading 3296 Unused Serialized files (Serialized files now loaded: 0)
Unloading 14 unused Assets / (28.5 KB). Loaded Objects now: 3894.
Memory consumption went from 136.1 MB to 136.1 MB.
Total: 6.353200 ms (FindLiveObjects: 0.869800 ms CreateObjectMapping: 0.352900 ms MarkObjects: 5.051200 ms  DeleteObjects: 0.077400 ms)

Prepare: number of updated asset objects reloaded= 0
AssetImportParameters requested are different than current active one (requested -> active):
  custom:scripting/monoscript/fileName/MainMenu.cs: 1c817acf410cd949481c65994e425af8 -> c093076ba5753d7bec74a8a751ffb653
  custom:container-demuxer-ogg: 62fdf1f143b41e24485cea50d1cbac27 -> 
  custom:scripting/monoscript/fileName/GameManager.cs: 591b9dda26c88c4b347cf9aba43e5441 -> 9933fbcc6190e2a9171c2ec8808a053e
  custom:video-codec-MediaFoundation-h265: 746d11721c4dcdbdad8f713fa42b33f4 -> 
  custom:scripting/monoscript/fileName/ItemSpawner.cs: 2cc964c35e3fa1b9c6b5076de77c6188 -> 4e8c3c7882809ad4f78d264785dff7a1
  custom:video-decoder-ogg-theora: a1e56fd34408186e4bbccfd4996cb3dc -> 
  custom:scripting/monoscript/fileName/WallManager.cs: 3bfde75fcb97f9ec0ae740bdb969516c -> a7fc8757609dc11f5e7dad4e9cb9424b
  custom:framework-win-MediaFoundation: 216162199b28c13a410421893ffa2e32 -> 
  custom:scripting/monoscript/fileName/ScoreManagerTests.cs: b9807a9b54dc14deb831dff02fb30a0e -> 
  custom:scripting/monoscript/fileName/PlayerController.cs: faa3893f82667bd64f70a0f446ae5e9e -> d93a52a180fbbe603a59e9aa6da73c83
  custom:scripting/monoscript/fileName/PlatformManager.cs: b343e4af90e5cbaeae6e03496c80978e -> 0586f90054b227c3639c89bda563293b
  custom:CustomObjectIndexerAttribute: 9a22284fe3817be447336de3de66b15e -> 
  custom:scripting/monoscript/fileName/UIManager.cs: 121681201746640b63b86afcf0727f8c -> 2595dc2cbd41cc2d023a3ebb28d87e9e
  custom:container-demuxer-webm: 4f35f7cbe854078d1ac9338744f61a02 -> 
  custom:scripting/monoscript/fileName/CameraFollow.cs: 32e45d4ec37a96336efaaee44ce39ea5 -> de990732cc429467f8f49571d0872163
  custom:container-muxer-webm: aa71ff27fc2769a1b78a27578f13a17b -> 
  custom:scripting/monoscript/fileName/CameraShake.cs: cf12dba3c564d8a7a207f8e9cc1ff9c2 -> 61b37e781c1c2a8a53b71db3ef951a2f
  custom:video-decoder-webm-vp8: 9c59270c3fd7afecdb556c50c9e8de78 -> 
  custom:scripting/monoscript/fileName/CollisionTests.cs: c06bf621d9863522ca448da2fa0be518 -> 
  custom:SearchIndexIgnoredProperties: e643bd26f0fe6173181afceb89e7c659 -> 
  custom:scripting/monoscript/fileName/ParticleAutoDestroy.cs: f810ec2591b8e4ebe2d8ab009a6b0e22 -> 98dba0c4d8f13b1a22fd1376d6a3b847
  custom:AudioImporter_EditorPlatform: d09bf68614088b80899f8185d706f6e7 -> 
  custom:scripting/monoscript/fileName/Hazard.cs: 41b66515f1c02c33450b0353c769b30b -> d5476c399ff03036a20eb0843c37d718
  custom:video-encoder-webm-vp8: eb34c28f22e8b96e1ab97ce403110664 -> 
  custom:audio-decoder-ogg-vorbis: bf7c407c2cedff20999df2af8eb42d56 -> 
  custom:scripting/precompiled-assembly-types:NewAssembly: a5ebb24fec1a72bd84e0684ce45b9333 -> 
  custom:scripting/monoscript/fileName/Collectible.cs: 3022fbb7e79c039a5843379ef7ee615a -> b86e3b51e1e8eabd47b104a8ce852c38
  custom:scripting/monoscript/fileName/LevelTests.cs: 1a156eb92be3078b1ce73f6815a6a4a4 -> 
  custom:scripting/precompiled-assembly-types:Tests: c6eb1434659d71ed42b5485504058afb -> 
  custom:audio-encoder-webm-vorbis: bf7c407c2cedff20999df2af8eb42d56 -> 
  custom:scripting/monoscript/fileName/ScoreManager.cs: ad1381b2e25a36e1677084dbbd27eb4b -> 
  custom:scripting/monoscript/fileName/MusicManager.cs: 33e6c9b6c212762589028d5987ce8d1b -> 
  custom:scripting/precompiled-assembly-types:Assembly-CSharp: 336e09473730186699a09c23abd43b0e -> d6f577250278495e968e93454aaaae06
========================================================================
Received Import Request.
  Time since last request: 11.364654 seconds.
  path: Assets/scripts/MusicManager.cs
  artifactKey: Guid(07ead5157e7420a4c8b1fbb9203b7c9f) Importer(815301076,1909f56bfc062723c751e8b465ee728b)
Start importing Assets/scripts/MusicManager.cs using Guid(07ead5157e7420a4c8b1fbb9203b7c9f) Importer(815301076,1909f56bfc062723c751e8b465ee728b) [PhysX] Initialized MultithreadedTaskDispatcher with 8 workers.
 -> (artifact id: '859dba8facbc232ab6c1e2475270c98c') in 0.005035 seconds
Number of updated asset objects reloaded before import = 0
Number of asset objects unloaded after import = 0
========================================================================
Received Import Request.
  Time since last request: 90.640062 seconds.
  path: Assets/scripts/MusicManager.cs
  artifactKey: Guid(07ead5157e7420a4c8b1fbb9203b7c9f) Importer(815301076,1909f56bfc062723c751e8b465ee728b)
Start importing Assets/scripts/MusicManager.cs using Guid(07ead5157e7420a4c8b1fbb9203b7c9f) Importer(815301076,1909f56bfc062723c751e8b465ee728b) [PhysX] Initialized MultithreadedTaskDispatcher with 8 workers.
 -> (artifact id: 'e70898081872524dfd9f312b88586fd5') in 0.001083 seconds
Number of updated asset objects reloaded before import = 0
Number of asset objects unloaded after import = 0
========================================================================
Received Prepare
Caller must complete domain reload
Begin MonoManager ReloadAssembly
- Loaded All Assemblies, in  0.856 seconds
Native extension for WindowsStandalone target not found
Native extension for Android target not found
Mono: successfully reloaded assembly
- Finished resetting the current domain, in  1.951 seconds
Domain Reload Profiling: 2803ms
	BeginReloadAssembly (281ms)
		ExecutionOrderSort (0ms)
		DisableScriptedObjects (12ms)
		BackupInstance (0ms)
		ReleaseScriptingObjects (0ms)
		CreateAndSetChildDomain (50ms)
	RebuildCommonClasses (65ms)
	RebuildNativeTypeToScriptingClass (28ms)
	initialDomainReloadingComplete (47ms)
	LoadAllAssembliesAndSetupDomain (429ms)
		LoadAssemblies (560ms)
		RebuildTransferFunctionScriptingTraits (0ms)
		AnalyzeDomain (36ms)
			TypeCache.Refresh (12ms)
				TypeCache.ScanAssembly (1ms)
			ScanForSourceGeneratedMonoScriptInfo (12ms)
			ResolveRequiredComponents (9ms)
	FinalizeReload (1952ms)
		ReleaseScriptCaches (0ms)
		RebuildScriptCaches (0ms)
		SetupLoadedEditorAssemblies (580ms)
			LogAssemblyErrors (0ms)
			InitializePlatformSupportModulesInManaged (26ms)
			SetLoadedEditorAssemblies (5ms)
			RefreshPlugins (0ms)
			BeforeProcessingInitializeOnLoad (84ms)
			ProcessInitializeOnLoadAttributes (412ms)
			ProcessInitializeOnLoadMethodAttributes (41ms)
			AfterProcessingInitializeOnLoad (12ms)
			EditorAssembliesLoaded (0ms)
		ExecutionOrderSort2 (0ms)
		AwakeInstancesAfterBackupRestoration (11ms)
Refreshing native plugins compatible for Editor in 8.25 ms, found 3 plugins.
Preloading 0 native plugins for Editor in 0.00 ms.
Unloading 3296 Unused Serialized files (Serialized files now loaded: 0)
Unloading 14 unused Assets / (28.5 KB). Loaded Objects now: 3898.
Memory consumption went from 136.1 MB to 136.1 MB.
Total: 4.074300 ms (FindLiveObjects: 0.525500 ms CreateObjectMapping: 0.181700 ms MarkObjects: 3.277300 ms  DeleteObjects: 0.088000 ms)

Prepare: number of updated asset objects reloaded= 0
AssetImportParameters requested are different than current active one (requested -> active):
  custom:scripting/monoscript/fileName/MainMenu.cs: 1c817acf410cd949481c65994e425af8 -> c093076ba5753d7bec74a8a751ffb653
  custom:container-demuxer-ogg: 62fdf1f143b41e24485cea50d1cbac27 -> 
  custom:scripting/monoscript/fileName/GameManager.cs: 591b9dda26c88c4b347cf9aba43e5441 -> 9933fbcc6190e2a9171c2ec8808a053e
  custom:video-codec-MediaFoundation-h265: 746d11721c4dcdbdad8f713fa42b33f4 -> 
  custom:scripting/monoscript/fileName/ItemSpawner.cs: 2cc964c35e3fa1b9c6b5076de77c6188 -> 4e8c3c7882809ad4f78d264785dff7a1
  custom:video-decoder-ogg-theora: a1e56fd34408186e4bbccfd4996cb3dc -> 
  custom:scripting/monoscript/fileName/WallManager.cs: 3bfde75fcb97f9ec0ae740bdb969516c -> a7fc8757609dc11f5e7dad4e9cb9424b
  custom:framework-win-MediaFoundation: 216162199b28c13a410421893ffa2e32 -> 
  custom:scripting/monoscript/fileName/ScoreManagerTests.cs: b9807a9b54dc14deb831dff02fb30a0e -> 
  custom:scripting/monoscript/fileName/PlayerController.cs: faa3893f82667bd64f70a0f446ae5e9e -> d93a52a180fbbe603a59e9aa6da73c83
  custom:scripting/monoscript/fileName/PlatformManager.cs: b343e4af90e5cbaeae6e03496c80978e -> 0586f90054b227c3639c89bda563293b
  custom:CustomObjectIndexerAttribute: 9a22284fe3817be447336de3de66b15e -> 
  custom:scripting/monoscript/fileName/UIManager.cs: 121681201746640b63b86afcf0727f8c -> 2595dc2cbd41cc2d023a3ebb28d87e9e
  custom:container-demuxer-webm: 4f35f7cbe854078d1ac9338744f61a02 -> 
  custom:scripting/monoscript/fileName/CameraFollow.cs: 32e45d4ec37a96336efaaee44ce39ea5 -> de990732cc429467f8f49571d0872163
  custom:container-muxer-webm: aa71ff27fc2769a1b78a27578f13a17b -> 
  custom:scripting/monoscript/fileName/CameraShake.cs: cf12dba3c564d8a7a207f8e9cc1ff9c2 -> 61b37e781c1c2a8a53b71db3ef951a2f
  custom:video-decoder-webm-vp8: 9c59270c3fd7afecdb556c50c9e8de78 -> 
  custom:scripting/monoscript/fileName/CollisionTests.cs: c06bf621d9863522ca448da2fa0be518 -> 
  custom:SearchIndexIgnoredProperties: e643bd26f0fe6173181afceb89e7c659 -> 
  custom:scripting/monoscript/fileName/ParticleAutoDestroy.cs: f810ec2591b8e4ebe2d8ab009a6b0e22 -> 98dba0c4d8f13b1a22fd1376d6a3b847
  custom:AudioImporter_EditorPlatform: d09bf68614088b80899f8185d706f6e7 -> 
  custom:scripting/monoscript/fileName/Hazard.cs: 41b66515f1c02c33450b0353c769b30b -> d5476c399ff03036a20eb0843c37d718
  custom:video-encoder-webm-vp8: eb34c28f22e8b96e1ab97ce403110664 -> 
  custom:audio-decoder-ogg-vorbis: bf7c407c2cedff20999df2af8eb42d56 -> 
  custom:scripting/precompiled-assembly-types:NewAssembly: a5ebb24fec1a72bd84e0684ce45b9333 -> 
  custom:scripting/monoscript/fileName/Collectible.cs: 3022fbb7e79c039a5843379ef7ee615a -> b86e3b51e1e8eabd47b104a8ce852c38
  custom:scripting/monoscript/fileName/LevelTests.cs: 1a156eb92be3078b1ce73f6815a6a4a4 -> 
  custom:scripting/precompiled-assembly-types:Tests: c6eb1434659d71ed42b5485504058afb -> 
  custom:audio-encoder-webm-vorbis: bf7c407c2cedff20999df2af8eb42d56 -> 
  custom:scripting/monoscript/fileName/ScoreManager.cs: ad1381b2e25a36e1677084dbbd27eb4b -> 
  custom:scripting/monoscript/fileName/MusicManager.cs: 33e6c9b6c212762589028d5987ce8d1b -> 
  custom:scripting/precompiled-assembly-types:Assembly-CSharp: 336e09473730186699a09c23abd43b0e -> d6f577250278495e968e93454aaaae06
========================================================================
Received Import Request.
  Time since last request: 216.246871 seconds.
  path: Assets/Skybox
  artifactKey: Guid(1826a9ded5c94c7448ae64a779681650) Importer(815301076,1909f56bfc062723c751e8b465ee728b)
Start importing Assets/Skybox using Guid(1826a9ded5c94c7448ae64a779681650) Importer(815301076,1909f56bfc062723c751e8b465ee728b) [PhysX] Initialized MultithreadedTaskDispatcher with 8 workers.
 -> (artifact id: '4b2248bc5ef7221fcc548dd1a5fcb2ed') in 0.003206 seconds
Number of updated asset objects reloaded before import = 0
Number of asset objects unloaded after import = 0
========================================================================
Received Import Request.
  Time since last request: 285.609125 seconds.
  path: Assets/Procedural Skybox 2.0 Lite
  artifactKey: Guid(40422570480ff7040b3c348c44a1b139) Importer(815301076,1909f56bfc062723c751e8b465ee728b)
Start importing Assets/Procedural Skybox 2.0 Lite using Guid(40422570480ff7040b3c348c44a1b139) Importer(815301076,1909f56bfc062723c751e8b465ee728b) [PhysX] Initialized MultithreadedTaskDispatcher with 8 workers.
 -> (artifact id: '0333d4571110b84212ac8fd7c3dc0098') in 0.001153 seconds
Number of updated asset objects reloaded before import = 0
Number of asset objects unloaded after import = 0
========================================================================
Received Import Request.
  Time since last request: 1.594916 seconds.
  path: Assets/Procedural Skybox 2.0 Lite/Materials
  artifactKey: Guid(69badcbb15fdcbe449d0718d84a44779) Importer(815301076,1909f56bfc062723c751e8b465ee728b)
Start importing Assets/Procedural Skybox 2.0 Lite/Materials using Guid(69badcbb15fdcbe449d0718d84a44779) Importer(815301076,1909f56bfc062723c751e8b465ee728b) [PhysX] Initialized MultithreadedTaskDispatcher with 8 workers.
 -> (artifact id: 'b097688cf33253db20f73c6e9f578440') in 0.000867 seconds
Number of updated asset objects reloaded before import = 0
Number of asset objects unloaded after import = 0
========================================================================
Received Import Request.
  Time since last request: 0.071177 seconds.
  path: Assets/Procedural Skybox 2.0 Lite/Materials/Procedural Skybox 2.0 Lite (Day).mat
  artifactKey: Guid(cb879a436a7692845a0f2ed7883aa098) Importer(815301076,1909f56bfc062723c751e8b465ee728b)
Start importing Assets/Procedural Skybox 2.0 Lite/Materials/Procedural Skybox 2.0 Lite (Day).mat using Guid(cb879a436a7692845a0f2ed7883aa098) Importer(815301076,1909f56bfc062723c751e8b465ee728b) [PhysX] Initialized MultithreadedTaskDispatcher with 8 workers.
[PhysX] Initialized MultithreadedTaskDispatcher with 8 workers.
 -> (artifact id: '3b1c012f034fc4e83ed989da810c1772') in 1.284118 seconds
Number of updated asset objects reloaded before import = 0
Number of asset objects unloaded after import = 2
========================================================================
Received Prepare
Caller must complete domain reload
Begin MonoManager ReloadAssembly
- Loaded All Assemblies, in  0.677 seconds
Native extension for WindowsStandalone target not found
Native extension for Android target not found
Mono: successfully reloaded assembly
- Finished resetting the current domain, in  3.205 seconds
Domain Reload Profiling: 3877ms
	BeginReloadAssembly (222ms)
		ExecutionOrderSort (0ms)
		DisableScriptedObjects (6ms)
		BackupInstance (0ms)
		ReleaseScriptingObjects (0ms)
		CreateAndSetChildDomain (46ms)
	RebuildCommonClasses (45ms)
	RebuildNativeTypeToScriptingClass (12ms)
	initialDomainReloadingComplete (43ms)
	LoadAllAssembliesAndSetupDomain (349ms)
		LoadAssemblies (459ms)
		RebuildTransferFunctionScriptingTraits (0ms)
		AnalyzeDomain (17ms)
			TypeCache.Refresh (7ms)
				TypeCache.ScanAssembly (0ms)
			ScanForSourceGeneratedMonoScriptInfo (0ms)
			ResolveRequiredComponents (6ms)
	FinalizeReload (3206ms)
		ReleaseScriptCaches (0ms)
		RebuildScriptCaches (0ms)
		SetupLoadedEditorAssemblies (809ms)
			LogAssemblyErrors (0ms)
			InitializePlatformSupportModulesInManaged (36ms)
			SetLoadedEditorAssemblies (7ms)
			RefreshPlugins (0ms)
			BeforeProcessingInitializeOnLoad (103ms)
			ProcessInitializeOnLoadAttributes (603ms)
			ProcessInitializeOnLoadMethodAttributes (46ms)
			AfterProcessingInitializeOnLoad (12ms)
			EditorAssembliesLoaded (0ms)
		ExecutionOrderSort2 (0ms)
		AwakeInstancesAfterBackupRestoration (36ms)
Refreshing native plugins compatible for Editor in 9.25 ms, found 3 plugins.
Preloading 0 native plugins for Editor in 0.00 ms.
Unloading 3297 Unused Serialized files (Serialized files now loaded: 0)
Unloading 14 unused Assets / (28.7 KB). Loaded Objects now: 3936.
Memory consumption went from 136.8 MB to 136.8 MB.
Total: 9.521700 ms (FindLiveObjects: 0.968500 ms CreateObjectMapping: 0.753600 ms MarkObjects: 7.608900 ms  DeleteObjects: 0.188200 ms)

Prepare: number of updated asset objects reloaded= 0
AssetImportParameters requested are different than current active one (requested -> active):
  custom:scripting/monoscript/fileName/MainMenu.cs: 1c817acf410cd949481c65994e425af8 -> c093076ba5753d7bec74a8a751ffb653
  custom:container-demuxer-ogg: 62fdf1f143b41e24485cea50d1cbac27 -> 
  custom:scripting/monoscript/fileName/GameManager.cs: 591b9dda26c88c4b347cf9aba43e5441 -> 9933fbcc6190e2a9171c2ec8808a053e
  custom:video-codec-MediaFoundation-h265: 746d11721c4dcdbdad8f713fa42b33f4 -> 
  custom:scripting/monoscript/fileName/ItemSpawner.cs: 2cc964c35e3fa1b9c6b5076de77c6188 -> 4e8c3c7882809ad4f78d264785dff7a1
  custom:video-decoder-ogg-theora: a1e56fd34408186e4bbccfd4996cb3dc -> 
  custom:scripting/monoscript/fileName/WallManager.cs: 3bfde75fcb97f9ec0ae740bdb969516c -> a7fc8757609dc11f5e7dad4e9cb9424b
  custom:framework-win-MediaFoundation: 216162199b28c13a410421893ffa2e32 -> 
  custom:scripting/monoscript/fileName/ScoreManagerTests.cs: b9807a9b54dc14deb831dff02fb30a0e -> 
  custom:scripting/monoscript/fileName/PlayerController.cs: faa3893f82667bd64f70a0f446ae5e9e -> d93a52a180fbbe603a59e9aa6da73c83
  custom:scripting/monoscript/fileName/PlatformManager.cs: b343e4af90e5cbaeae6e03496c80978e -> 0586f90054b227c3639c89bda563293b
  custom:CustomObjectIndexerAttribute: 9a22284fe3817be447336de3de66b15e -> 
  custom:scripting/monoscript/fileName/UIManager.cs: 121681201746640b63b86afcf0727f8c -> 2595dc2cbd41cc2d023a3ebb28d87e9e
  custom:container-demuxer-webm: 4f35f7cbe854078d1ac9338744f61a02 -> 
  custom:scripting/monoscript/fileName/CameraFollow.cs: 32e45d4ec37a96336efaaee44ce39ea5 -> de990732cc429467f8f49571d0872163
  custom:container-muxer-webm: aa71ff27fc2769a1b78a27578f13a17b -> 
  custom:scripting/monoscript/fileName/CameraShake.cs: cf12dba3c564d8a7a207f8e9cc1ff9c2 -> 61b37e781c1c2a8a53b71db3ef951a2f
  custom:video-decoder-webm-vp8: 9c59270c3fd7afecdb556c50c9e8de78 -> 
  custom:scripting/monoscript/fileName/CollisionTests.cs: c06bf621d9863522ca448da2fa0be518 -> 
  custom:SearchIndexIgnoredProperties: e643bd26f0fe6173181afceb89e7c659 -> 
  custom:scripting/monoscript/fileName/ParticleAutoDestroy.cs: f810ec2591b8e4ebe2d8ab009a6b0e22 -> 98dba0c4d8f13b1a22fd1376d6a3b847
  custom:AudioImporter_EditorPlatform: d09bf68614088b80899f8185d706f6e7 -> 
  custom:scripting/monoscript/fileName/Hazard.cs: 41b66515f1c02c33450b0353c769b30b -> d5476c399ff03036a20eb0843c37d718
  custom:video-encoder-webm-vp8: eb34c28f22e8b96e1ab97ce403110664 -> 
  custom:audio-decoder-ogg-vorbis: bf7c407c2cedff20999df2af8eb42d56 -> 
  custom:scripting/precompiled-assembly-types:NewAssembly: a5ebb24fec1a72bd84e0684ce45b9333 -> 
  custom:scripting/monoscript/fileName/Collectible.cs: 3022fbb7e79c039a5843379ef7ee615a -> b86e3b51e1e8eabd47b104a8ce852c38
  custom:scripting/monoscript/fileName/LevelTests.cs: 1a156eb92be3078b1ce73f6815a6a4a4 -> 
  custom:scripting/precompiled-assembly-types:Tests: c6eb1434659d71ed42b5485504058afb -> 
  custom:audio-encoder-webm-vorbis: bf7c407c2cedff20999df2af8eb42d56 -> 
  custom:scripting/monoscript/fileName/ScoreManager.cs: ad1381b2e25a36e1677084dbbd27eb4b -> 
  custom:scripting/monoscript/fileName/MusicManager.cs: 33e6c9b6c212762589028d5987ce8d1b -> 
  custom:scripting/precompiled-assembly-types:Assembly-CSharp: 336e09473730186699a09c23abd43b0e -> d6f577250278495e968e93454aaaae06
========================================================================
Received Prepare
Caller must complete domain reload
Begin MonoManager ReloadAssembly
- Loaded All Assemblies, in  0.666 seconds
Native extension for WindowsStandalone target not found
Native extension for Android target not found
Mono: successfully reloaded assembly
- Finished resetting the current domain, in  2.452 seconds
Domain Reload Profiling: 3115ms
	BeginReloadAssembly (210ms)
		ExecutionOrderSort (0ms)
		DisableScriptedObjects (9ms)
		BackupInstance (0ms)
		ReleaseScriptingObjects (0ms)
		CreateAndSetChildDomain (45ms)
	RebuildCommonClasses (59ms)
	RebuildNativeTypeToScriptingClass (15ms)
	initialDomainReloadingComplete (40ms)
	LoadAllAssembliesAndSetupDomain (338ms)
		LoadAssemblies (423ms)
		RebuildTransferFunctionScriptingTraits (0ms)
		AnalyzeDomain (27ms)
			TypeCache.Refresh (8ms)
				TypeCache.ScanAssembly (0ms)
			ScanForSourceGeneratedMonoScriptInfo (0ms)
			ResolveRequiredComponents (14ms)
	FinalizeReload (2453ms)
		ReleaseScriptCaches (0ms)
		RebuildScriptCaches (0ms)
		SetupLoadedEditorAssemblies (895ms)
			LogAssemblyErrors (0ms)
			InitializePlatformSupportModulesInManaged (74ms)
			SetLoadedEditorAssemblies (6ms)
			RefreshPlugins (0ms)
			BeforeProcessingInitializeOnLoad (95ms)
			ProcessInitializeOnLoadAttributes (645ms)
			ProcessInitializeOnLoadMethodAttributes (58ms)
			AfterProcessingInitializeOnLoad (16ms)
			EditorAssembliesLoaded (0ms)
		ExecutionOrderSort2 (0ms)
		AwakeInstancesAfterBackupRestoration (16ms)
Refreshing native plugins compatible for Editor in 17.10 ms, found 3 plugins.
Preloading 0 native plugins for Editor in 0.00 ms.
Unloading 3297 Unused Serialized files (Serialized files now loaded: 0)
Unloading 14 unused Assets / (28.6 KB). Loaded Objects now: 3940.
Memory consumption went from 136.6 MB to 136.6 MB.
Total: 6.162900 ms (FindLiveObjects: 0.562300 ms CreateObjectMapping: 0.206900 ms MarkObjects: 5.183800 ms  DeleteObjects: 0.207700 ms)

Prepare: number of updated asset objects reloaded= 0
AssetImportParameters requested are different than current active one (requested -> active):
  custom:scripting/monoscript/fileName/MainMenu.cs: 1c817acf410cd949481c65994e425af8 -> c093076ba5753d7bec74a8a751ffb653
  custom:container-demuxer-ogg: 62fdf1f143b41e24485cea50d1cbac27 -> 
  custom:scripting/monoscript/fileName/GameManager.cs: 591b9dda26c88c4b347cf9aba43e5441 -> 9933fbcc6190e2a9171c2ec8808a053e
  custom:video-codec-MediaFoundation-h265: 746d11721c4dcdbdad8f713fa42b33f4 -> 
  custom:scripting/monoscript/fileName/ItemSpawner.cs: 2cc964c35e3fa1b9c6b5076de77c6188 -> 4e8c3c7882809ad4f78d264785dff7a1
  custom:video-decoder-ogg-theora: a1e56fd34408186e4bbccfd4996cb3dc -> 
  custom:scripting/monoscript/fileName/WallManager.cs: 3bfde75fcb97f9ec0ae740bdb969516c -> a7fc8757609dc11f5e7dad4e9cb9424b
  custom:framework-win-MediaFoundation: 216162199b28c13a410421893ffa2e32 -> 
  custom:scripting/monoscript/fileName/ScoreManagerTests.cs: b9807a9b54dc14deb831dff02fb30a0e -> 
  custom:scripting/monoscript/fileName/PlayerController.cs: faa3893f82667bd64f70a0f446ae5e9e -> d93a52a180fbbe603a59e9aa6da73c83
  custom:scripting/monoscript/fileName/PlatformManager.cs: b343e4af90e5cbaeae6e03496c80978e -> 0586f90054b227c3639c89bda563293b
  custom:CustomObjectIndexerAttribute: 9a22284fe3817be447336de3de66b15e -> 
  custom:scripting/monoscript/fileName/UIManager.cs: 121681201746640b63b86afcf0727f8c -> 2595dc2cbd41cc2d023a3ebb28d87e9e
  custom:container-demuxer-webm: 4f35f7cbe854078d1ac9338744f61a02 -> 
  custom:scripting/monoscript/fileName/CameraFollow.cs: 32e45d4ec37a96336efaaee44ce39ea5 -> de990732cc429467f8f49571d0872163
  custom:container-muxer-webm: aa71ff27fc2769a1b78a27578f13a17b -> 
  custom:scripting/monoscript/fileName/CameraShake.cs: cf12dba3c564d8a7a207f8e9cc1ff9c2 -> 61b37e781c1c2a8a53b71db3ef951a2f
  custom:video-decoder-webm-vp8: 9c59270c3fd7afecdb556c50c9e8de78 -> 
  custom:scripting/monoscript/fileName/CollisionTests.cs: c06bf621d9863522ca448da2fa0be518 -> 
  custom:SearchIndexIgnoredProperties: e643bd26f0fe6173181afceb89e7c659 -> 
  custom:scripting/monoscript/fileName/ParticleAutoDestroy.cs: f810ec2591b8e4ebe2d8ab009a6b0e22 -> 98dba0c4d8f13b1a22fd1376d6a3b847
  custom:AudioImporter_EditorPlatform: d09bf68614088b80899f8185d706f6e7 -> 
  custom:scripting/monoscript/fileName/Hazard.cs: 41b66515f1c02c33450b0353c769b30b -> d5476c399ff03036a20eb0843c37d718
  custom:video-encoder-webm-vp8: eb34c28f22e8b96e1ab97ce403110664 -> 
  custom:audio-decoder-ogg-vorbis: bf7c407c2cedff20999df2af8eb42d56 -> 
  custom:scripting/precompiled-assembly-types:NewAssembly: a5ebb24fec1a72bd84e0684ce45b9333 -> 
  custom:scripting/monoscript/fileName/Collectible.cs: 3022fbb7e79c039a5843379ef7ee615a -> b86e3b51e1e8eabd47b104a8ce852c38
  custom:scripting/monoscript/fileName/LevelTests.cs: 1a156eb92be3078b1ce73f6815a6a4a4 -> 
  custom:scripting/precompiled-assembly-types:Tests: c6eb1434659d71ed42b5485504058afb -> 
  custom:audio-encoder-webm-vorbis: bf7c407c2cedff20999df2af8eb42d56 -> 
  custom:scripting/monoscript/fileName/ScoreManager.cs: ad1381b2e25a36e1677084dbbd27eb4b -> 
  custom:scripting/monoscript/fileName/MusicManager.cs: 33e6c9b6c212762589028d5987ce8d1b -> 
  custom:scripting/precompiled-assembly-types:Assembly-CSharp: 336e09473730186699a09c23abd43b0e -> d6f577250278495e968e93454aaaae06
========================================================================
Received Import Request.
  Time since last request: 431.054684 seconds.
  path: Assets/RussoOne-Regular SDF.asset
  artifactKey: Guid(81af6b7a84db49d4f90e41da0ff9f1e2) Importer(815301076,1909f56bfc062723c751e8b465ee728b)
Start importing Assets/RussoOne-Regular SDF.asset using Guid(81af6b7a84db49d4f90e41da0ff9f1e2) Importer(815301076,1909f56bfc062723c751e8b465ee728b) [PhysX] Initialized MultithreadedTaskDispatcher with 8 workers.
[PhysX] Initialized MultithreadedTaskDispatcher with 8 workers.
[PhysX] Initialized MultithreadedTaskDispatcher with 8 workers.
 -> (artifact id: 'be05f1dfc6e154d2b621d4635814d5b8') in 0.207288 seconds
Number of updated asset objects reloaded before import = 0
Number of asset objects unloaded after import = 6
========================================================================
Received Import Request.
  Time since last request: 9.363667 seconds.
  path: Assets/Scenes/GameScene.unity
  artifactKey: Guid(cc9d7779843054f4eab2c367457e227e) Importer(815301076,1909f56bfc062723c751e8b465ee728b)
Start importing Assets/Scenes/GameScene.unity using Guid(cc9d7779843054f4eab2c367457e227e) Importer(815301076,1909f56bfc062723c751e8b465ee728b) [PhysX] Initialized MultithreadedTaskDispatcher with 8 workers.
 -> (artifact id: '6c51f6755b1cc1dbd23c5ec53863ac77') in 0.001210 seconds
Number of updated asset objects reloaded before import = 0
Number of asset objects unloaded after import = 0
========================================================================
Received Prepare
Caller must complete domain reload
Begin MonoManager ReloadAssembly
- Loaded All Assemblies, in  0.673 seconds
Native extension for WindowsStandalone target not found
Native extension for Android target not found
Mono: successfully reloaded assembly
- Finished resetting the current domain, in  2.545 seconds
Domain Reload Profiling: 3214ms
	BeginReloadAssembly (219ms)
		ExecutionOrderSort (0ms)
		DisableScriptedObjects (7ms)
		BackupInstance (0ms)
		ReleaseScriptingObjects (0ms)
		CreateAndSetChildDomain (53ms)
	RebuildCommonClasses (54ms)
	RebuildNativeTypeToScriptingClass (18ms)
	initialDomainReloadingComplete (43ms)
	LoadAllAssembliesAndSetupDomain (335ms)
		LoadAssemblies (436ms)
		RebuildTransferFunctionScriptingTraits (0ms)
		AnalyzeDomain (18ms)
			TypeCache.Refresh (8ms)
				TypeCache.ScanAssembly (0ms)
			ScanForSourceGeneratedMonoScriptInfo (0ms)
			ResolveRequiredComponents (6ms)
	FinalizeReload (2546ms)
		ReleaseScriptCaches (0ms)
		RebuildScriptCaches (0ms)
		SetupLoadedEditorAssemblies (1010ms)
			LogAssemblyErrors (0ms)
			InitializePlatformSupportModulesInManaged (33ms)
			SetLoadedEditorAssemblies (7ms)
			RefreshPlugins (0ms)
			BeforeProcessingInitializeOnLoad (113ms)
			ProcessInitializeOnLoadAttributes (735ms)
			ProcessInitializeOnLoadMethodAttributes (93ms)
			AfterProcessingInitializeOnLoad (28ms)
			EditorAssembliesLoaded (0ms)
		ExecutionOrderSort2 (0ms)
		AwakeInstancesAfterBackupRestoration (16ms)
Refreshing native plugins compatible for Editor in 13.27 ms, found 3 plugins.
Preloading 0 native plugins for Editor in 0.00 ms.
Unloading 3296 Unused Serialized files (Serialized files now loaded: 0)
Unloading 14 unused Assets / (28.6 KB). Loaded Objects now: 3947.
Memory consumption went from 136.5 MB to 136.5 MB.
Total: 5.549100 ms (FindLiveObjects: 0.523200 ms CreateObjectMapping: 0.158000 ms MarkObjects: 4.757700 ms  DeleteObjects: 0.108400 ms)

Prepare: number of updated asset objects reloaded= 0
AssetImportParameters requested are different than current active one (requested -> active):
  custom:scripting/monoscript/fileName/MainMenu.cs: 1c817acf410cd949481c65994e425af8 -> c093076ba5753d7bec74a8a751ffb653
  custom:container-demuxer-ogg: 62fdf1f143b41e24485cea50d1cbac27 -> 
  custom:scripting/monoscript/fileName/GameManager.cs: 591b9dda26c88c4b347cf9aba43e5441 -> 9933fbcc6190e2a9171c2ec8808a053e
  custom:video-codec-MediaFoundation-h265: 746d11721c4dcdbdad8f713fa42b33f4 -> 
  custom:scripting/monoscript/fileName/ItemSpawner.cs: 2cc964c35e3fa1b9c6b5076de77c6188 -> 4e8c3c7882809ad4f78d264785dff7a1
  custom:video-decoder-ogg-theora: a1e56fd34408186e4bbccfd4996cb3dc -> 
  custom:scripting/monoscript/fileName/WallManager.cs: 3bfde75fcb97f9ec0ae740bdb969516c -> a7fc8757609dc11f5e7dad4e9cb9424b
  custom:framework-win-MediaFoundation: 216162199b28c13a410421893ffa2e32 -> 
  custom:scripting/monoscript/fileName/ScoreManagerTests.cs: b9807a9b54dc14deb831dff02fb30a0e -> 
  custom:scripting/monoscript/fileName/PlayerController.cs: faa3893f82667bd64f70a0f446ae5e9e -> d93a52a180fbbe603a59e9aa6da73c83
  custom:scripting/monoscript/fileName/PlatformManager.cs: b343e4af90e5cbaeae6e03496c80978e -> 0586f90054b227c3639c89bda563293b
  custom:CustomObjectIndexerAttribute: 9a22284fe3817be447336de3de66b15e -> 
  custom:scripting/monoscript/fileName/UIManager.cs: 121681201746640b63b86afcf0727f8c -> 2595dc2cbd41cc2d023a3ebb28d87e9e
  custom:container-demuxer-webm: 4f35f7cbe854078d1ac9338744f61a02 -> 
  custom:scripting/monoscript/fileName/CameraFollow.cs: 32e45d4ec37a96336efaaee44ce39ea5 -> de990732cc429467f8f49571d0872163
  custom:container-muxer-webm: aa71ff27fc2769a1b78a27578f13a17b -> 
  custom:scripting/monoscript/fileName/CameraShake.cs: cf12dba3c564d8a7a207f8e9cc1ff9c2 -> 61b37e781c1c2a8a53b71db3ef951a2f
  custom:video-decoder-webm-vp8: 9c59270c3fd7afecdb556c50c9e8de78 -> 
  custom:scripting/monoscript/fileName/CollisionTests.cs: c06bf621d9863522ca448da2fa0be518 -> 
  custom:SearchIndexIgnoredProperties: e643bd26f0fe6173181afceb89e7c659 -> 
  custom:scripting/monoscript/fileName/ParticleAutoDestroy.cs: f810ec2591b8e4ebe2d8ab009a6b0e22 -> 98dba0c4d8f13b1a22fd1376d6a3b847
  custom:AudioImporter_EditorPlatform: d09bf68614088b80899f8185d706f6e7 -> 
  custom:scripting/monoscript/fileName/Hazard.cs: 41b66515f1c02c33450b0353c769b30b -> d5476c399ff03036a20eb0843c37d718
  custom:video-encoder-webm-vp8: eb34c28f22e8b96e1ab97ce403110664 -> 
  custom:audio-decoder-ogg-vorbis: bf7c407c2cedff20999df2af8eb42d56 -> 
  custom:scripting/precompiled-assembly-types:NewAssembly: a5ebb24fec1a72bd84e0684ce45b9333 -> 
  custom:scripting/monoscript/fileName/Collectible.cs: 3022fbb7e79c039a5843379ef7ee615a -> b86e3b51e1e8eabd47b104a8ce852c38
  custom:scripting/monoscript/fileName/LevelTests.cs: 1a156eb92be3078b1ce73f6815a6a4a4 -> 
  custom:scripting/precompiled-assembly-types:Tests: c6eb1434659d71ed42b5485504058afb -> 
  custom:audio-encoder-webm-vorbis: bf7c407c2cedff20999df2af8eb42d56 -> 
  custom:scripting/monoscript/fileName/ScoreManager.cs: ad1381b2e25a36e1677084dbbd27eb4b -> 
  custom:scripting/monoscript/fileName/MusicManager.cs: 33e6c9b6c212762589028d5987ce8d1b -> 
  custom:scripting/precompiled-assembly-types:Assembly-CSharp: 336e09473730186699a09c23abd43b0e -> d6f577250278495e968e93454aaaae06
========================================================================
Received Import Request.
  Time since last request: 236.481389 seconds.
  path: Assets/scripts/MainMenu.cs
  artifactKey: Guid(962aac59762f2c04dbec15b2428dc3d1) Importer(815301076,1909f56bfc062723c751e8b465ee728b)
Start importing Assets/scripts/MainMenu.cs using Guid(962aac59762f2c04dbec15b2428dc3d1) Importer(815301076,1909f56bfc062723c751e8b465ee728b) [PhysX] Initialized MultithreadedTaskDispatcher with 8 workers.
 -> (artifact id: '5be0ebbdb2548d646bad783982db59a2') in 0.002936 seconds
Number of updated asset objects reloaded before import = 0
Number of asset objects unloaded after import = 0
========================================================================
Received Prepare
Caller must complete domain reload
Begin MonoManager ReloadAssembly
- Loaded All Assemblies, in  0.924 seconds
Native extension for WindowsStandalone target not found
Native extension for Android target not found
Mono: successfully reloaded assembly
- Finished resetting the current domain, in  1.937 seconds
Domain Reload Profiling: 2858ms
	BeginReloadAssembly (414ms)
		ExecutionOrderSort (0ms)
		DisableScriptedObjects (7ms)
		BackupInstance (0ms)
		ReleaseScriptingObjects (0ms)
		CreateAndSetChildDomain (103ms)
	RebuildCommonClasses (52ms)
	RebuildNativeTypeToScriptingClass (17ms)
	initialDomainReloadingComplete (52ms)
	LoadAllAssembliesAndSetupDomain (385ms)
		LoadAssemblies (534ms)
		RebuildTransferFunctionScriptingTraits (0ms)
		AnalyzeDomain (28ms)
			TypeCache.Refresh (10ms)
				TypeCache.ScanAssembly (1ms)
			ScanForSourceGeneratedMonoScriptInfo (11ms)
			ResolveRequiredComponents (5ms)
	FinalizeReload (1938ms)
		ReleaseScriptCaches (0ms)
		RebuildScriptCaches (0ms)
		SetupLoadedEditorAssemblies (574ms)
			LogAssemblyErrors (0ms)
			InitializePlatformSupportModulesInManaged (24ms)
			SetLoadedEditorAssemblies (5ms)
			RefreshPlugins (0ms)
			BeforeProcessingInitializeOnLoad (77ms)
			ProcessInitializeOnLoadAttributes (427ms)
			ProcessInitializeOnLoadMethodAttributes (33ms)
			AfterProcessingInitializeOnLoad (8ms)
			EditorAssembliesLoaded (0ms)
		ExecutionOrderSort2 (0ms)
		AwakeInstancesAfterBackupRestoration (7ms)
Refreshing native plugins compatible for Editor in 7.45 ms, found 3 plugins.
Preloading 0 native plugins for Editor in 0.00 ms.
Unloading 3296 Unused Serialized files (Serialized files now loaded: 0)
Unloading 14 unused Assets / (28.5 KB). Loaded Objects now: 3951.
Memory consumption went from 136.5 MB to 136.5 MB.
Total: 5.621000 ms (FindLiveObjects: 0.655200 ms CreateObjectMapping: 0.394100 ms MarkObjects: 4.486800 ms  DeleteObjects: 0.083000 ms)

Prepare: number of updated asset objects reloaded= 0
AssetImportParameters requested are different than current active one (requested -> active):
  custom:scripting/monoscript/fileName/MainMenu.cs: 1c817acf410cd949481c65994e425af8 -> c093076ba5753d7bec74a8a751ffb653
  custom:container-demuxer-ogg: 62fdf1f143b41e24485cea50d1cbac27 -> 
  custom:scripting/monoscript/fileName/GameManager.cs: 591b9dda26c88c4b347cf9aba43e5441 -> 9933fbcc6190e2a9171c2ec8808a053e
  custom:video-codec-MediaFoundation-h265: 746d11721c4dcdbdad8f713fa42b33f4 -> 
  custom:scripting/monoscript/fileName/ItemSpawner.cs: 2cc964c35e3fa1b9c6b5076de77c6188 -> 4e8c3c7882809ad4f78d264785dff7a1
  custom:video-decoder-ogg-theora: a1e56fd34408186e4bbccfd4996cb3dc -> 
  custom:scripting/monoscript/fileName/WallManager.cs: 3bfde75fcb97f9ec0ae740bdb969516c -> a7fc8757609dc11f5e7dad4e9cb9424b
  custom:framework-win-MediaFoundation: 216162199b28c13a410421893ffa2e32 -> 
  custom:scripting/monoscript/fileName/ScoreManagerTests.cs: b9807a9b54dc14deb831dff02fb30a0e -> 
  custom:scripting/monoscript/fileName/PlayerController.cs: faa3893f82667bd64f70a0f446ae5e9e -> d93a52a180fbbe603a59e9aa6da73c83
  custom:scripting/monoscript/fileName/PlatformManager.cs: b343e4af90e5cbaeae6e03496c80978e -> 0586f90054b227c3639c89bda563293b
  custom:CustomObjectIndexerAttribute: 9a22284fe3817be447336de3de66b15e -> 
  custom:scripting/monoscript/fileName/UIManager.cs: 121681201746640b63b86afcf0727f8c -> 2595dc2cbd41cc2d023a3ebb28d87e9e
  custom:container-demuxer-webm: 4f35f7cbe854078d1ac9338744f61a02 -> 
  custom:scripting/monoscript/fileName/CameraFollow.cs: 32e45d4ec37a96336efaaee44ce39ea5 -> de990732cc429467f8f49571d0872163
  custom:container-muxer-webm: aa71ff27fc2769a1b78a27578f13a17b -> 
  custom:scripting/monoscript/fileName/CameraShake.cs: cf12dba3c564d8a7a207f8e9cc1ff9c2 -> 61b37e781c1c2a8a53b71db3ef951a2f
  custom:video-decoder-webm-vp8: 9c59270c3fd7afecdb556c50c9e8de78 -> 
  custom:scripting/monoscript/fileName/CollisionTests.cs: c06bf621d9863522ca448da2fa0be518 -> 
  custom:SearchIndexIgnoredProperties: e643bd26f0fe6173181afceb89e7c659 -> 
  custom:scripting/monoscript/fileName/ParticleAutoDestroy.cs: f810ec2591b8e4ebe2d8ab009a6b0e22 -> 98dba0c4d8f13b1a22fd1376d6a3b847
  custom:AudioImporter_EditorPlatform: d09bf68614088b80899f8185d706f6e7 -> 
  custom:scripting/monoscript/fileName/Hazard.cs: 41b66515f1c02c33450b0353c769b30b -> d5476c399ff03036a20eb0843c37d718
  custom:video-encoder-webm-vp8: eb34c28f22e8b96e1ab97ce403110664 -> 
  custom:audio-decoder-ogg-vorbis: bf7c407c2cedff20999df2af8eb42d56 -> 
  custom:scripting/precompiled-assembly-types:NewAssembly: a5ebb24fec1a72bd84e0684ce45b9333 -> 
  custom:scripting/monoscript/fileName/Collectible.cs: 3022fbb7e79c039a5843379ef7ee615a -> b86e3b51e1e8eabd47b104a8ce852c38
  custom:scripting/monoscript/fileName/LevelTests.cs: 1a156eb92be3078b1ce73f6815a6a4a4 -> 
  custom:scripting/precompiled-assembly-types:Tests: c6eb1434659d71ed42b5485504058afb -> 
  custom:audio-encoder-webm-vorbis: bf7c407c2cedff20999df2af8eb42d56 -> 
  custom:scripting/monoscript/fileName/ScoreManager.cs: ad1381b2e25a36e1677084dbbd27eb4b -> 
  custom:scripting/monoscript/fileName/MusicManager.cs: 33e6c9b6c212762589028d5987ce8d1b -> 
  custom:scripting/precompiled-assembly-types:Assembly-CSharp: 336e09473730186699a09c23abd43b0e -> d6f577250278495e968e93454aaaae06
========================================================================
Received Prepare
Caller must complete domain reload
Begin MonoManager ReloadAssembly
- Loaded All Assemblies, in  1.041 seconds
Native extension for WindowsStandalone target not found
Native extension for Android target not found
Mono: successfully reloaded assembly
- Finished resetting the current domain, in  2.181 seconds
Domain Reload Profiling: 3214ms
	BeginReloadAssembly (503ms)
		ExecutionOrderSort (0ms)
		DisableScriptedObjects (120ms)
		BackupInstance (0ms)
		ReleaseScriptingObjects (0ms)
		CreateAndSetChildDomain (90ms)
	RebuildCommonClasses (50ms)
	RebuildNativeTypeToScriptingClass (18ms)
	initialDomainReloadingComplete (63ms)
	LoadAllAssembliesAndSetupDomain (398ms)
		LoadAssemblies (572ms)
		RebuildTransferFunctionScriptingTraits (0ms)
		AnalyzeDomain (45ms)
			TypeCache.Refresh (15ms)
				TypeCache.ScanAssembly (2ms)
			ScanForSourceGeneratedMonoScriptInfo (15ms)
			ResolveRequiredComponents (11ms)
	FinalizeReload (2182ms)
		ReleaseScriptCaches (0ms)
		RebuildScriptCaches (0ms)
		SetupLoadedEditorAssemblies (644ms)
			LogAssemblyErrors (0ms)
			InitializePlatformSupportModulesInManaged (23ms)
			SetLoadedEditorAssemblies (4ms)
			RefreshPlugins (0ms)
			BeforeProcessingInitializeOnLoad (95ms)
			ProcessInitializeOnLoadAttributes (478ms)
			ProcessInitializeOnLoadMethodAttributes (35ms)
			AfterProcessingInitializeOnLoad (9ms)
			EditorAssembliesLoaded (0ms)
		ExecutionOrderSort2 (0ms)
		AwakeInstancesAfterBackupRestoration (8ms)
Refreshing native plugins compatible for Editor in 8.51 ms, found 3 plugins.
Preloading 0 native plugins for Editor in 0.00 ms.
Unloading 3297 Unused Serialized files (Serialized files now loaded: 0)
Unloading 14 unused Assets / (28.6 KB). Loaded Objects now: 3955.
Memory consumption went from 136.8 MB to 136.8 MB.
Total: 3.990000 ms (FindLiveObjects: 0.555300 ms CreateObjectMapping: 0.304500 ms MarkObjects: 3.055900 ms  DeleteObjects: 0.072400 ms)

Prepare: number of updated asset objects reloaded= 0
AssetImportParameters requested are different than current active one (requested -> active):
  custom:scripting/monoscript/fileName/MainMenu.cs: 1c817acf410cd949481c65994e425af8 -> c093076ba5753d7bec74a8a751ffb653
  custom:container-demuxer-ogg: 62fdf1f143b41e24485cea50d1cbac27 -> 
  custom:scripting/monoscript/fileName/GameManager.cs: 591b9dda26c88c4b347cf9aba43e5441 -> 9933fbcc6190e2a9171c2ec8808a053e
  custom:video-codec-MediaFoundation-h265: 746d11721c4dcdbdad8f713fa42b33f4 -> 
  custom:scripting/monoscript/fileName/ItemSpawner.cs: 2cc964c35e3fa1b9c6b5076de77c6188 -> 4e8c3c7882809ad4f78d264785dff7a1
  custom:video-decoder-ogg-theora: a1e56fd34408186e4bbccfd4996cb3dc -> 
  custom:scripting/monoscript/fileName/WallManager.cs: 3bfde75fcb97f9ec0ae740bdb969516c -> a7fc8757609dc11f5e7dad4e9cb9424b
  custom:framework-win-MediaFoundation: 216162199b28c13a410421893ffa2e32 -> 
  custom:scripting/monoscript/fileName/ScoreManagerTests.cs: b9807a9b54dc14deb831dff02fb30a0e -> 
  custom:scripting/monoscript/fileName/PlayerController.cs: faa3893f82667bd64f70a0f446ae5e9e -> d93a52a180fbbe603a59e9aa6da73c83
  custom:scripting/monoscript/fileName/PlatformManager.cs: b343e4af90e5cbaeae6e03496c80978e -> 0586f90054b227c3639c89bda563293b
  custom:CustomObjectIndexerAttribute: 9a22284fe3817be447336de3de66b15e -> 
  custom:scripting/monoscript/fileName/UIManager.cs: 121681201746640b63b86afcf0727f8c -> 2595dc2cbd41cc2d023a3ebb28d87e9e
  custom:container-demuxer-webm: 4f35f7cbe854078d1ac9338744f61a02 -> 
  custom:scripting/monoscript/fileName/CameraFollow.cs: 32e45d4ec37a96336efaaee44ce39ea5 -> de990732cc429467f8f49571d0872163
  custom:container-muxer-webm: aa71ff27fc2769a1b78a27578f13a17b -> 
  custom:scripting/monoscript/fileName/CameraShake.cs: cf12dba3c564d8a7a207f8e9cc1ff9c2 -> 61b37e781c1c2a8a53b71db3ef951a2f
  custom:video-decoder-webm-vp8: 9c59270c3fd7afecdb556c50c9e8de78 -> 
  custom:scripting/monoscript/fileName/CollisionTests.cs: c06bf621d9863522ca448da2fa0be518 -> 
  custom:SearchIndexIgnoredProperties: e643bd26f0fe6173181afceb89e7c659 -> 
  custom:scripting/monoscript/fileName/ParticleAutoDestroy.cs: f810ec2591b8e4ebe2d8ab009a6b0e22 -> 98dba0c4d8f13b1a22fd1376d6a3b847
  custom:AudioImporter_EditorPlatform: d09bf68614088b80899f8185d706f6e7 -> 
  custom:scripting/monoscript/fileName/Hazard.cs: 41b66515f1c02c33450b0353c769b30b -> d5476c399ff03036a20eb0843c37d718
  custom:video-encoder-webm-vp8: eb34c28f22e8b96e1ab97ce403110664 -> 
  custom:audio-decoder-ogg-vorbis: bf7c407c2cedff20999df2af8eb42d56 -> 
  custom:scripting/precompiled-assembly-types:NewAssembly: a5ebb24fec1a72bd84e0684ce45b9333 -> 
  custom:scripting/monoscript/fileName/Collectible.cs: 3022fbb7e79c039a5843379ef7ee615a -> b86e3b51e1e8eabd47b104a8ce852c38
  custom:scripting/monoscript/fileName/LevelTests.cs: 1a156eb92be3078b1ce73f6815a6a4a4 -> 
  custom:scripting/precompiled-assembly-types:Tests: c6eb1434659d71ed42b5485504058afb -> 
  custom:audio-encoder-webm-vorbis: bf7c407c2cedff20999df2af8eb42d56 -> 
  custom:scripting/monoscript/fileName/ScoreManager.cs: ad1381b2e25a36e1677084dbbd27eb4b -> 
  custom:scripting/monoscript/fileName/MusicManager.cs: 33e6c9b6c212762589028d5987ce8d1b -> 
  custom:scripting/precompiled-assembly-types:Assembly-CSharp: 336e09473730186699a09c23abd43b0e -> d6f577250278495e968e93454aaaae06
========================================================================
Received Prepare
Caller must complete domain reload
Begin MonoManager ReloadAssembly
- Loaded All Assemblies, in  0.985 seconds
Native extension for WindowsStandalone target not found
Native extension for Android target not found
Mono: successfully reloaded assembly
- Finished resetting the current domain, in  1.972 seconds
Domain Reload Profiling: 2952ms
	BeginReloadAssembly (453ms)
		ExecutionOrderSort (0ms)
		DisableScriptedObjects (23ms)
		BackupInstance (0ms)
		ReleaseScriptingObjects (0ms)
		CreateAndSetChildDomain (73ms)
	RebuildCommonClasses (63ms)
	RebuildNativeTypeToScriptingClass (18ms)
	initialDomainReloadingComplete (58ms)
	LoadAllAssembliesAndSetupDomain (387ms)
		LoadAssemblies (617ms)
		RebuildTransferFunctionScriptingTraits (0ms)
		AnalyzeDomain (32ms)
			TypeCache.Refresh (14ms)
				TypeCache.ScanAssembly (1ms)
			ScanForSourceGeneratedMonoScriptInfo (9ms)
			ResolveRequiredComponents (6ms)
	FinalizeReload (1973ms)
		ReleaseScriptCaches (0ms)
		RebuildScriptCaches (0ms)
		SetupLoadedEditorAssemblies (556ms)
			LogAssemblyErrors (0ms)
			InitializePlatformSupportModulesInManaged (27ms)
			SetLoadedEditorAssemblies (4ms)
			RefreshPlugins (0ms)
			BeforeProcessingInitializeOnLoad (82ms)
			ProcessInitializeOnLoadAttributes (399ms)
			ProcessInitializeOnLoadMethodAttributes (34ms)
			AfterProcessingInitializeOnLoad (10ms)
			EditorAssembliesLoaded (0ms)
		ExecutionOrderSort2 (0ms)
		AwakeInstancesAfterBackupRestoration (10ms)
Refreshing native plugins compatible for Editor in 8.07 ms, found 3 plugins.
Preloading 0 native plugins for Editor in 0.00 ms.
Unloading 3297 Unused Serialized files (Serialized files now loaded: 0)
Unloading 14 unused Assets / (28.6 KB). Loaded Objects now: 3959.
Memory consumption went from 136.8 MB to 136.8 MB.
Total: 8.850800 ms (FindLiveObjects: 0.554700 ms CreateObjectMapping: 0.254800 ms MarkObjects: 7.789800 ms  DeleteObjects: 0.249300 ms)

Prepare: number of updated asset objects reloaded= 0
AssetImportParameters requested are different than current active one (requested -> active):
  custom:scripting/monoscript/fileName/MainMenu.cs: 1c817acf410cd949481c65994e425af8 -> c093076ba5753d7bec74a8a751ffb653
  custom:container-demuxer-ogg: 62fdf1f143b41e24485cea50d1cbac27 -> 
  custom:scripting/monoscript/fileName/GameManager.cs: 591b9dda26c88c4b347cf9aba43e5441 -> 9933fbcc6190e2a9171c2ec8808a053e
  custom:video-codec-MediaFoundation-h265: 746d11721c4dcdbdad8f713fa42b33f4 -> 
  custom:scripting/monoscript/fileName/ItemSpawner.cs: 2cc964c35e3fa1b9c6b5076de77c6188 -> 4e8c3c7882809ad4f78d264785dff7a1
  custom:video-decoder-ogg-theora: a1e56fd34408186e4bbccfd4996cb3dc -> 
  custom:scripting/monoscript/fileName/WallManager.cs: 3bfde75fcb97f9ec0ae740bdb969516c -> a7fc8757609dc11f5e7dad4e9cb9424b
  custom:framework-win-MediaFoundation: 216162199b28c13a410421893ffa2e32 -> 
  custom:scripting/monoscript/fileName/ScoreManagerTests.cs: b9807a9b54dc14deb831dff02fb30a0e -> 
  custom:scripting/monoscript/fileName/PlayerController.cs: faa3893f82667bd64f70a0f446ae5e9e -> d93a52a180fbbe603a59e9aa6da73c83
  custom:scripting/monoscript/fileName/PlatformManager.cs: b343e4af90e5cbaeae6e03496c80978e -> 0586f90054b227c3639c89bda563293b
  custom:CustomObjectIndexerAttribute: 9a22284fe3817be447336de3de66b15e -> 
  custom:scripting/monoscript/fileName/UIManager.cs: 121681201746640b63b86afcf0727f8c -> 2595dc2cbd41cc2d023a3ebb28d87e9e
  custom:container-demuxer-webm: 4f35f7cbe854078d1ac9338744f61a02 -> 
  custom:scripting/monoscript/fileName/CameraFollow.cs: 32e45d4ec37a96336efaaee44ce39ea5 -> de990732cc429467f8f49571d0872163
  custom:container-muxer-webm: aa71ff27fc2769a1b78a27578f13a17b -> 
  custom:scripting/monoscript/fileName/CameraShake.cs: cf12dba3c564d8a7a207f8e9cc1ff9c2 -> 61b37e781c1c2a8a53b71db3ef951a2f
  custom:video-decoder-webm-vp8: 9c59270c3fd7afecdb556c50c9e8de78 -> 
  custom:scripting/monoscript/fileName/CollisionTests.cs: c06bf621d9863522ca448da2fa0be518 -> 
  custom:SearchIndexIgnoredProperties: e643bd26f0fe6173181afceb89e7c659 -> 
  custom:scripting/monoscript/fileName/ParticleAutoDestroy.cs: f810ec2591b8e4ebe2d8ab009a6b0e22 -> 98dba0c4d8f13b1a22fd1376d6a3b847
  custom:AudioImporter_EditorPlatform: d09bf68614088b80899f8185d706f6e7 -> 
  custom:scripting/monoscript/fileName/Hazard.cs: 41b66515f1c02c33450b0353c769b30b -> d5476c399ff03036a20eb0843c37d718
  custom:video-encoder-webm-vp8: eb34c28f22e8b96e1ab97ce403110664 -> 
  custom:audio-decoder-ogg-vorbis: bf7c407c2cedff20999df2af8eb42d56 -> 
  custom:scripting/precompiled-assembly-types:NewAssembly: a5ebb24fec1a72bd84e0684ce45b9333 -> 
  custom:scripting/monoscript/fileName/Collectible.cs: 3022fbb7e79c039a5843379ef7ee615a -> b86e3b51e1e8eabd47b104a8ce852c38
  custom:scripting/monoscript/fileName/LevelTests.cs: 1a156eb92be3078b1ce73f6815a6a4a4 -> 
  custom:scripting/precompiled-assembly-types:Tests: c6eb1434659d71ed42b5485504058afb -> 
  custom:audio-encoder-webm-vorbis: bf7c407c2cedff20999df2af8eb42d56 -> 
  custom:scripting/monoscript/fileName/ScoreManager.cs: ad1381b2e25a36e1677084dbbd27eb4b -> 
  custom:scripting/monoscript/fileName/MusicManager.cs: 33e6c9b6c212762589028d5987ce8d1b -> 
  custom:scripting/precompiled-assembly-types:Assembly-CSharp: 336e09473730186699a09c23abd43b0e -> d6f577250278495e968e93454aaaae06
========================================================================
Received Prepare
Caller must complete domain reload
Begin MonoManager ReloadAssembly
- Loaded All Assemblies, in  0.663 seconds
Native extension for WindowsStandalone target not found
Native extension for Android target not found
Mono: successfully reloaded assembly
- Finished resetting the current domain, in  2.434 seconds
Domain Reload Profiling: 3095ms
	BeginReloadAssembly (224ms)
		ExecutionOrderSort (0ms)
		DisableScriptedObjects (10ms)
		BackupInstance (0ms)
		ReleaseScriptingObjects (0ms)
		CreateAndSetChildDomain (48ms)
	RebuildCommonClasses (49ms)
	RebuildNativeTypeToScriptingClass (16ms)
	initialDomainReloadingComplete (37ms)
	LoadAllAssembliesAndSetupDomain (334ms)
		LoadAssemblies (441ms)
		RebuildTransferFunctionScriptingTraits (0ms)
		AnalyzeDomain (19ms)
			TypeCache.Refresh (8ms)
				TypeCache.ScanAssembly (0ms)
			ScanForSourceGeneratedMonoScriptInfo (0ms)
			ResolveRequiredComponents (8ms)
	FinalizeReload (2435ms)
		ReleaseScriptCaches (0ms)
		RebuildScriptCaches (0ms)
		SetupLoadedEditorAssemblies (782ms)
			LogAssemblyErrors (0ms)
			InitializePlatformSupportModulesInManaged (39ms)
			SetLoadedEditorAssemblies (7ms)
			RefreshPlugins (0ms)
			BeforeProcessingInitializeOnLoad (116ms)
			ProcessInitializeOnLoadAttributes (560ms)
			ProcessInitializeOnLoadMethodAttributes (46ms)
			AfterProcessingInitializeOnLoad (15ms)
			EditorAssembliesLoaded (0ms)
		ExecutionOrderSort2 (0ms)
		AwakeInstancesAfterBackupRestoration (13ms)
Refreshing native plugins compatible for Editor in 17.67 ms, found 3 plugins.
Preloading 0 native plugins for Editor in 0.00 ms.
Unloading 3297 Unused Serialized files (Serialized files now loaded: 0)
Unloading 14 unused Assets / (28.6 KB). Loaded Objects now: 3963.
Memory consumption went from 136.8 MB to 136.8 MB.
Total: 8.104100 ms (FindLiveObjects: 0.799400 ms CreateObjectMapping: 0.508100 ms MarkObjects: 6.695600 ms  DeleteObjects: 0.098600 ms)

Prepare: number of updated asset objects reloaded= 0
AssetImportParameters requested are different than current active one (requested -> active):
  custom:scripting/monoscript/fileName/MainMenu.cs: 1c817acf410cd949481c65994e425af8 -> c093076ba5753d7bec74a8a751ffb653
  custom:container-demuxer-ogg: 62fdf1f143b41e24485cea50d1cbac27 -> 
  custom:scripting/monoscript/fileName/GameManager.cs: 591b9dda26c88c4b347cf9aba43e5441 -> 9933fbcc6190e2a9171c2ec8808a053e
  custom:video-codec-MediaFoundation-h265: 746d11721c4dcdbdad8f713fa42b33f4 -> 
  custom:scripting/monoscript/fileName/ItemSpawner.cs: 2cc964c35e3fa1b9c6b5076de77c6188 -> 4e8c3c7882809ad4f78d264785dff7a1
  custom:video-decoder-ogg-theora: a1e56fd34408186e4bbccfd4996cb3dc -> 
  custom:scripting/monoscript/fileName/WallManager.cs: 3bfde75fcb97f9ec0ae740bdb969516c -> a7fc8757609dc11f5e7dad4e9cb9424b
  custom:framework-win-MediaFoundation: 216162199b28c13a410421893ffa2e32 -> 
  custom:scripting/monoscript/fileName/ScoreManagerTests.cs: b9807a9b54dc14deb831dff02fb30a0e -> 
  custom:scripting/monoscript/fileName/PlayerController.cs: faa3893f82667bd64f70a0f446ae5e9e -> d93a52a180fbbe603a59e9aa6da73c83
  custom:scripting/monoscript/fileName/PlatformManager.cs: b343e4af90e5cbaeae6e03496c80978e -> 0586f90054b227c3639c89bda563293b
  custom:CustomObjectIndexerAttribute: 9a22284fe3817be447336de3de66b15e -> 
  custom:scripting/monoscript/fileName/UIManager.cs: 121681201746640b63b86afcf0727f8c -> 2595dc2cbd41cc2d023a3ebb28d87e9e
  custom:container-demuxer-webm: 4f35f7cbe854078d1ac9338744f61a02 -> 
  custom:scripting/monoscript/fileName/CameraFollow.cs: 32e45d4ec37a96336efaaee44ce39ea5 -> de990732cc429467f8f49571d0872163
  custom:container-muxer-webm: aa71ff27fc2769a1b78a27578f13a17b -> 
  custom:scripting/monoscript/fileName/CameraShake.cs: cf12dba3c564d8a7a207f8e9cc1ff9c2 -> 61b37e781c1c2a8a53b71db3ef951a2f
  custom:video-decoder-webm-vp8: 9c59270c3fd7afecdb556c50c9e8de78 -> 
  custom:scripting/monoscript/fileName/CollisionTests.cs: c06bf621d9863522ca448da2fa0be518 -> 
  custom:SearchIndexIgnoredProperties: e643bd26f0fe6173181afceb89e7c659 -> 
  custom:scripting/monoscript/fileName/ParticleAutoDestroy.cs: f810ec2591b8e4ebe2d8ab009a6b0e22 -> 98dba0c4d8f13b1a22fd1376d6a3b847
  custom:AudioImporter_EditorPlatform: d09bf68614088b80899f8185d706f6e7 -> 
  custom:scripting/monoscript/fileName/Hazard.cs: 41b66515f1c02c33450b0353c769b30b -> d5476c399ff03036a20eb0843c37d718
  custom:video-encoder-webm-vp8: eb34c28f22e8b96e1ab97ce403110664 -> 
  custom:audio-decoder-ogg-vorbis: bf7c407c2cedff20999df2af8eb42d56 -> 
  custom:scripting/precompiled-assembly-types:NewAssembly: a5ebb24fec1a72bd84e0684ce45b9333 -> 
  custom:scripting/monoscript/fileName/Collectible.cs: 3022fbb7e79c039a5843379ef7ee615a -> b86e3b51e1e8eabd47b104a8ce852c38
  custom:scripting/monoscript/fileName/LevelTests.cs: 1a156eb92be3078b1ce73f6815a6a4a4 -> 
  custom:scripting/precompiled-assembly-types:Tests: c6eb1434659d71ed42b5485504058afb -> 
  custom:audio-encoder-webm-vorbis: bf7c407c2cedff20999df2af8eb42d56 -> 
  custom:scripting/monoscript/fileName/ScoreManager.cs: ad1381b2e25a36e1677084dbbd27eb4b -> 
  custom:scripting/monoscript/fileName/MusicManager.cs: 33e6c9b6c212762589028d5987ce8d1b -> 
  custom:scripting/precompiled-assembly-types:Assembly-CSharp: 336e09473730186699a09c23abd43b0e -> d6f577250278495e968e93454aaaae06
========================================================================
Received Prepare
Caller must complete domain reload
Begin MonoManager ReloadAssembly
- Loaded All Assemblies, in  0.635 seconds
Native extension for WindowsStandalone target not found
Native extension for Android target not found
Mono: successfully reloaded assembly
- Finished resetting the current domain, in  2.253 seconds
Domain Reload Profiling: 2885ms
	BeginReloadAssembly (215ms)
		ExecutionOrderSort (0ms)
		DisableScriptedObjects (6ms)
		BackupInstance (0ms)
		ReleaseScriptingObjects (0ms)
		CreateAndSetChildDomain (45ms)
	RebuildCommonClasses (47ms)
	RebuildNativeTypeToScriptingClass (14ms)
	initialDomainReloadingComplete (37ms)
	LoadAllAssembliesAndSetupDomain (318ms)
		LoadAssemblies (421ms)
		RebuildTransferFunctionScriptingTraits (0ms)
		AnalyzeDomain (22ms)
			TypeCache.Refresh (9ms)
				TypeCache.ScanAssembly (0ms)
			ScanForSourceGeneratedMonoScriptInfo (0ms)
			ResolveRequiredComponents (8ms)
	FinalizeReload (2254ms)
		ReleaseScriptCaches (0ms)
		RebuildScriptCaches (0ms)
		SetupLoadedEditorAssemblies (732ms)
			LogAssemblyErrors (0ms)
			InitializePlatformSupportModulesInManaged (42ms)
			SetLoadedEditorAssemblies (7ms)
			RefreshPlugins (0ms)
			BeforeProcessingInitializeOnLoad (125ms)
			ProcessInitializeOnLoadAttributes (490ms)
			ProcessInitializeOnLoadMethodAttributes (57ms)
			AfterProcessingInitializeOnLoad (11ms)
			EditorAssembliesLoaded (0ms)
		ExecutionOrderSort2 (0ms)
		AwakeInstancesAfterBackupRestoration (11ms)
Refreshing native plugins compatible for Editor in 25.86 ms, found 3 plugins.
Preloading 0 native plugins for Editor in 0.00 ms.
Unloading 3297 Unused Serialized files (Serialized files now loaded: 0)
Unloading 14 unused Assets / (28.6 KB). Loaded Objects now: 3967.
Memory consumption went from 136.8 MB to 136.8 MB.
Total: 6.482900 ms (FindLiveObjects: 0.812800 ms CreateObjectMapping: 0.684600 ms MarkObjects: 4.894800 ms  DeleteObjects: 0.088400 ms)

Prepare: number of updated asset objects reloaded= 0
AssetImportParameters requested are different than current active one (requested -> active):
  custom:scripting/monoscript/fileName/MainMenu.cs: 1c817acf410cd949481c65994e425af8 -> c093076ba5753d7bec74a8a751ffb653
  custom:container-demuxer-ogg: 62fdf1f143b41e24485cea50d1cbac27 -> 
  custom:scripting/monoscript/fileName/GameManager.cs: 591b9dda26c88c4b347cf9aba43e5441 -> 9933fbcc6190e2a9171c2ec8808a053e
  custom:video-codec-MediaFoundation-h265: 746d11721c4dcdbdad8f713fa42b33f4 -> 
  custom:scripting/monoscript/fileName/ItemSpawner.cs: 2cc964c35e3fa1b9c6b5076de77c6188 -> 4e8c3c7882809ad4f78d264785dff7a1
  custom:video-decoder-ogg-theora: a1e56fd34408186e4bbccfd4996cb3dc -> 
  custom:scripting/monoscript/fileName/WallManager.cs: 3bfde75fcb97f9ec0ae740bdb969516c -> a7fc8757609dc11f5e7dad4e9cb9424b
  custom:framework-win-MediaFoundation: 216162199b28c13a410421893ffa2e32 -> 
  custom:scripting/monoscript/fileName/ScoreManagerTests.cs: b9807a9b54dc14deb831dff02fb30a0e -> 
  custom:scripting/monoscript/fileName/PlayerController.cs: faa3893f82667bd64f70a0f446ae5e9e -> d93a52a180fbbe603a59e9aa6da73c83
  custom:scripting/monoscript/fileName/PlatformManager.cs: b343e4af90e5cbaeae6e03496c80978e -> 0586f90054b227c3639c89bda563293b
  custom:CustomObjectIndexerAttribute: 9a22284fe3817be447336de3de66b15e -> 
  custom:scripting/monoscript/fileName/UIManager.cs: 121681201746640b63b86afcf0727f8c -> 2595dc2cbd41cc2d023a3ebb28d87e9e
  custom:container-demuxer-webm: 4f35f7cbe854078d1ac9338744f61a02 -> 
  custom:scripting/monoscript/fileName/CameraFollow.cs: 32e45d4ec37a96336efaaee44ce39ea5 -> de990732cc429467f8f49571d0872163
  custom:container-muxer-webm: aa71ff27fc2769a1b78a27578f13a17b -> 
  custom:scripting/monoscript/fileName/CameraShake.cs: cf12dba3c564d8a7a207f8e9cc1ff9c2 -> 61b37e781c1c2a8a53b71db3ef951a2f
  custom:video-decoder-webm-vp8: 9c59270c3fd7afecdb556c50c9e8de78 -> 
  custom:scripting/monoscript/fileName/CollisionTests.cs: c06bf621d9863522ca448da2fa0be518 -> 
  custom:SearchIndexIgnoredProperties: e643bd26f0fe6173181afceb89e7c659 -> 
  custom:scripting/monoscript/fileName/ParticleAutoDestroy.cs: f810ec2591b8e4ebe2d8ab009a6b0e22 -> 98dba0c4d8f13b1a22fd1376d6a3b847
  custom:AudioImporter_EditorPlatform: d09bf68614088b80899f8185d706f6e7 -> 
  custom:scripting/monoscript/fileName/Hazard.cs: 41b66515f1c02c33450b0353c769b30b -> d5476c399ff03036a20eb0843c37d718
  custom:video-encoder-webm-vp8: eb34c28f22e8b96e1ab97ce403110664 -> 
  custom:audio-decoder-ogg-vorbis: bf7c407c2cedff20999df2af8eb42d56 -> 
  custom:scripting/precompiled-assembly-types:NewAssembly: a5ebb24fec1a72bd84e0684ce45b9333 -> 
  custom:scripting/monoscript/fileName/Collectible.cs: 3022fbb7e79c039a5843379ef7ee615a -> b86e3b51e1e8eabd47b104a8ce852c38
  custom:scripting/monoscript/fileName/LevelTests.cs: 1a156eb92be3078b1ce73f6815a6a4a4 -> 
  custom:scripting/precompiled-assembly-types:Tests: c6eb1434659d71ed42b5485504058afb -> 
  custom:audio-encoder-webm-vorbis: bf7c407c2cedff20999df2af8eb42d56 -> 
  custom:scripting/monoscript/fileName/ScoreManager.cs: ad1381b2e25a36e1677084dbbd27eb4b -> 
  custom:scripting/monoscript/fileName/MusicManager.cs: 33e6c9b6c212762589028d5987ce8d1b -> 
  custom:scripting/precompiled-assembly-types:Assembly-CSharp: 336e09473730186699a09c23abd43b0e -> d6f577250278495e968e93454aaaae06
========================================================================
Received Prepare
Caller must complete domain reload
Begin MonoManager ReloadAssembly
- Loaded All Assemblies, in  0.678 seconds
Native extension for WindowsStandalone target not found
Native extension for Android target not found
Mono: successfully reloaded assembly
- Finished resetting the current domain, in  2.869 seconds
Domain Reload Profiling: 3545ms
	BeginReloadAssembly (230ms)
		ExecutionOrderSort (0ms)
		DisableScriptedObjects (6ms)
		BackupInstance (0ms)
		ReleaseScriptingObjects (0ms)
		CreateAndSetChildDomain (41ms)
	RebuildCommonClasses (51ms)
	RebuildNativeTypeToScriptingClass (13ms)
	initialDomainReloadingComplete (55ms)
	LoadAllAssembliesAndSetupDomain (325ms)
		LoadAssemblies (448ms)
		RebuildTransferFunctionScriptingTraits (0ms)
		AnalyzeDomain (19ms)
			TypeCache.Refresh (8ms)
				TypeCache.ScanAssembly (0ms)
			ScanForSourceGeneratedMonoScriptInfo (0ms)
			ResolveRequiredComponents (8ms)
	FinalizeReload (2871ms)
		ReleaseScriptCaches (0ms)
		RebuildScriptCaches (0ms)
		SetupLoadedEditorAssemblies (1087ms)
			LogAssemblyErrors (0ms)
			InitializePlatformSupportModulesInManaged (32ms)
			SetLoadedEditorAssemblies (5ms)
			RefreshPlugins (0ms)
			BeforeProcessingInitializeOnLoad (108ms)
			ProcessInitializeOnLoadAttributes (886ms)
			ProcessInitializeOnLoadMethodAttributes (46ms)
			AfterProcessingInitializeOnLoad (11ms)
			EditorAssembliesLoaded (0ms)
		ExecutionOrderSort2 (0ms)
		AwakeInstancesAfterBackupRestoration (13ms)
Refreshing native plugins compatible for Editor in 13.26 ms, found 3 plugins.
Preloading 0 native plugins for Editor in 0.00 ms.
Unloading 3297 Unused Serialized files (Serialized files now loaded: 0)
Unloading 14 unused Assets / (28.5 KB). Loaded Objects now: 3971.
Memory consumption went from 136.8 MB to 136.8 MB.
Total: 7.281300 ms (FindLiveObjects: 0.535000 ms CreateObjectMapping: 0.749200 ms MarkObjects: 5.902100 ms  DeleteObjects: 0.093200 ms)

Prepare: number of updated asset objects reloaded= 0
AssetImportParameters requested are different than current active one (requested -> active):
  custom:scripting/monoscript/fileName/MainMenu.cs: 1c817acf410cd949481c65994e425af8 -> c093076ba5753d7bec74a8a751ffb653
  custom:container-demuxer-ogg: 62fdf1f143b41e24485cea50d1cbac27 -> 
  custom:scripting/monoscript/fileName/GameManager.cs: 591b9dda26c88c4b347cf9aba43e5441 -> 9933fbcc6190e2a9171c2ec8808a053e
  custom:video-codec-MediaFoundation-h265: 746d11721c4dcdbdad8f713fa42b33f4 -> 
  custom:scripting/monoscript/fileName/ItemSpawner.cs: 2cc964c35e3fa1b9c6b5076de77c6188 -> 4e8c3c7882809ad4f78d264785dff7a1
  custom:video-decoder-ogg-theora: a1e56fd34408186e4bbccfd4996cb3dc -> 
  custom:scripting/monoscript/fileName/WallManager.cs: 3bfde75fcb97f9ec0ae740bdb969516c -> a7fc8757609dc11f5e7dad4e9cb9424b
  custom:framework-win-MediaFoundation: 216162199b28c13a410421893ffa2e32 -> 
  custom:scripting/monoscript/fileName/ScoreManagerTests.cs: b9807a9b54dc14deb831dff02fb30a0e -> 
  custom:scripting/monoscript/fileName/PlayerController.cs: faa3893f82667bd64f70a0f446ae5e9e -> d93a52a180fbbe603a59e9aa6da73c83
  custom:scripting/monoscript/fileName/PlatformManager.cs: b343e4af90e5cbaeae6e03496c80978e -> 0586f90054b227c3639c89bda563293b
  custom:CustomObjectIndexerAttribute: 9a22284fe3817be447336de3de66b15e -> 
  custom:scripting/monoscript/fileName/UIManager.cs: 121681201746640b63b86afcf0727f8c -> 2595dc2cbd41cc2d023a3ebb28d87e9e
  custom:container-demuxer-webm: 4f35f7cbe854078d1ac9338744f61a02 -> 
  custom:scripting/monoscript/fileName/CameraFollow.cs: 32e45d4ec37a96336efaaee44ce39ea5 -> de990732cc429467f8f49571d0872163
  custom:container-muxer-webm: aa71ff27fc2769a1b78a27578f13a17b -> 
  custom:scripting/monoscript/fileName/CameraShake.cs: cf12dba3c564d8a7a207f8e9cc1ff9c2 -> 61b37e781c1c2a8a53b71db3ef951a2f
  custom:video-decoder-webm-vp8: 9c59270c3fd7afecdb556c50c9e8de78 -> 
  custom:scripting/monoscript/fileName/CollisionTests.cs: c06bf621d9863522ca448da2fa0be518 -> 
  custom:SearchIndexIgnoredProperties: e643bd26f0fe6173181afceb89e7c659 -> 
  custom:scripting/monoscript/fileName/ParticleAutoDestroy.cs: f810ec2591b8e4ebe2d8ab009a6b0e22 -> 98dba0c4d8f13b1a22fd1376d6a3b847
  custom:AudioImporter_EditorPlatform: d09bf68614088b80899f8185d706f6e7 -> 
  custom:scripting/monoscript/fileName/Hazard.cs: 41b66515f1c02c33450b0353c769b30b -> d5476c399ff03036a20eb0843c37d718
  custom:video-encoder-webm-vp8: eb34c28f22e8b96e1ab97ce403110664 -> 
  custom:audio-decoder-ogg-vorbis: bf7c407c2cedff20999df2af8eb42d56 -> 
  custom:scripting/precompiled-assembly-types:NewAssembly: a5ebb24fec1a72bd84e0684ce45b9333 -> 
  custom:scripting/monoscript/fileName/Collectible.cs: 3022fbb7e79c039a5843379ef7ee615a -> b86e3b51e1e8eabd47b104a8ce852c38
  custom:scripting/monoscript/fileName/LevelTests.cs: 1a156eb92be3078b1ce73f6815a6a4a4 -> 
  custom:scripting/precompiled-assembly-types:Tests: c6eb1434659d71ed42b5485504058afb -> 
  custom:audio-encoder-webm-vorbis: bf7c407c2cedff20999df2af8eb42d56 -> 
  custom:scripting/monoscript/fileName/ScoreManager.cs: ad1381b2e25a36e1677084dbbd27eb4b -> 
  custom:scripting/monoscript/fileName/MusicManager.cs: 33e6c9b6c212762589028d5987ce8d1b -> 
  custom:scripting/precompiled-assembly-types:Assembly-CSharp: 336e09473730186699a09c23abd43b0e -> d6f577250278495e968e93454aaaae06
========================================================================
Received Prepare
Caller must complete domain reload
Begin MonoManager ReloadAssembly
- Loaded All Assemblies, in  0.850 seconds
Native extension for WindowsStandalone target not found
Native extension for Android target not found
Mono: successfully reloaded assembly
- Finished resetting the current domain, in  1.939 seconds
Domain Reload Profiling: 2785ms
	BeginReloadAssembly (279ms)
		ExecutionOrderSort (0ms)
		DisableScriptedObjects (23ms)
		BackupInstance (0ms)
		ReleaseScriptingObjects (0ms)
		CreateAndSetChildDomain (49ms)
	RebuildCommonClasses (52ms)
	RebuildNativeTypeToScriptingClass (15ms)
	initialDomainReloadingComplete (62ms)
	LoadAllAssembliesAndSetupDomain (437ms)
		LoadAssemblies (561ms)
		RebuildTransferFunctionScriptingTraits (0ms)
		AnalyzeDomain (37ms)
			TypeCache.Refresh (14ms)
				TypeCache.ScanAssembly (1ms)
			ScanForSourceGeneratedMonoScriptInfo (11ms)
			ResolveRequiredComponents (8ms)
	FinalizeReload (1939ms)
		ReleaseScriptCaches (0ms)
		RebuildScriptCaches (0ms)
		SetupLoadedEditorAssemblies (501ms)
			LogAssemblyErrors (0ms)
			InitializePlatformSupportModulesInManaged (22ms)
			SetLoadedEditorAssemblies (3ms)
			RefreshPlugins (0ms)
			BeforeProcessingInitializeOnLoad (76ms)
			ProcessInitializeOnLoadAttributes (359ms)
			ProcessInitializeOnLoadMethodAttributes (29ms)
			AfterProcessingInitializeOnLoad (11ms)
			EditorAssembliesLoaded (0ms)
		ExecutionOrderSort2 (0ms)
		AwakeInstancesAfterBackupRestoration (12ms)
Refreshing native plugins compatible for Editor in 6.06 ms, found 3 plugins.
Preloading 0 native plugins for Editor in 0.00 ms.
Unloading 3297 Unused Serialized files (Serialized files now loaded: 0)
Unloading 14 unused Assets / (28.5 KB). Loaded Objects now: 3975.
Memory consumption went from 136.8 MB to 136.8 MB.
Total: 4.832500 ms (FindLiveObjects: 0.527300 ms CreateObjectMapping: 0.123800 ms MarkObjects: 4.093900 ms  DeleteObjects: 0.085400 ms)

Prepare: number of updated asset objects reloaded= 0
AssetImportParameters requested are different than current active one (requested -> active):
  custom:scripting/monoscript/fileName/MainMenu.cs: 1c817acf410cd949481c65994e425af8 -> c093076ba5753d7bec74a8a751ffb653
  custom:container-demuxer-ogg: 62fdf1f143b41e24485cea50d1cbac27 -> 
  custom:scripting/monoscript/fileName/GameManager.cs: 591b9dda26c88c4b347cf9aba43e5441 -> 9933fbcc6190e2a9171c2ec8808a053e
  custom:video-codec-MediaFoundation-h265: 746d11721c4dcdbdad8f713fa42b33f4 -> 
  custom:scripting/monoscript/fileName/ItemSpawner.cs: 2cc964c35e3fa1b9c6b5076de77c6188 -> 4e8c3c7882809ad4f78d264785dff7a1
  custom:video-decoder-ogg-theora: a1e56fd34408186e4bbccfd4996cb3dc -> 
  custom:scripting/monoscript/fileName/WallManager.cs: 3bfde75fcb97f9ec0ae740bdb969516c -> a7fc8757609dc11f5e7dad4e9cb9424b
  custom:framework-win-MediaFoundation: 216162199b28c13a410421893ffa2e32 -> 
  custom:scripting/monoscript/fileName/ScoreManagerTests.cs: b9807a9b54dc14deb831dff02fb30a0e -> 
  custom:scripting/monoscript/fileName/PlayerController.cs: faa3893f82667bd64f70a0f446ae5e9e -> d93a52a180fbbe603a59e9aa6da73c83
  custom:scripting/monoscript/fileName/PlatformManager.cs: b343e4af90e5cbaeae6e03496c80978e -> 0586f90054b227c3639c89bda563293b
  custom:CustomObjectIndexerAttribute: 9a22284fe3817be447336de3de66b15e -> 
  custom:scripting/monoscript/fileName/UIManager.cs: 121681201746640b63b86afcf0727f8c -> 2595dc2cbd41cc2d023a3ebb28d87e9e
  custom:container-demuxer-webm: 4f35f7cbe854078d1ac9338744f61a02 -> 
  custom:scripting/monoscript/fileName/CameraFollow.cs: 32e45d4ec37a96336efaaee44ce39ea5 -> de990732cc429467f8f49571d0872163
  custom:container-muxer-webm: aa71ff27fc2769a1b78a27578f13a17b -> 
  custom:scripting/monoscript/fileName/CameraShake.cs: cf12dba3c564d8a7a207f8e9cc1ff9c2 -> 61b37e781c1c2a8a53b71db3ef951a2f
  custom:video-decoder-webm-vp8: 9c59270c3fd7afecdb556c50c9e8de78 -> 
  custom:scripting/monoscript/fileName/CollisionTests.cs: c06bf621d9863522ca448da2fa0be518 -> 
  custom:SearchIndexIgnoredProperties: e643bd26f0fe6173181afceb89e7c659 -> 
  custom:scripting/monoscript/fileName/ParticleAutoDestroy.cs: f810ec2591b8e4ebe2d8ab009a6b0e22 -> 98dba0c4d8f13b1a22fd1376d6a3b847
  custom:AudioImporter_EditorPlatform: d09bf68614088b80899f8185d706f6e7 -> 
  custom:scripting/monoscript/fileName/Hazard.cs: 41b66515f1c02c33450b0353c769b30b -> d5476c399ff03036a20eb0843c37d718
  custom:video-encoder-webm-vp8: eb34c28f22e8b96e1ab97ce403110664 -> 
  custom:audio-decoder-ogg-vorbis: bf7c407c2cedff20999df2af8eb42d56 -> 
  custom:scripting/precompiled-assembly-types:NewAssembly: a5ebb24fec1a72bd84e0684ce45b9333 -> 
  custom:scripting/monoscript/fileName/Collectible.cs: 3022fbb7e79c039a5843379ef7ee615a -> b86e3b51e1e8eabd47b104a8ce852c38
  custom:scripting/monoscript/fileName/LevelTests.cs: 1a156eb92be3078b1ce73f6815a6a4a4 -> 
  custom:scripting/precompiled-assembly-types:Tests: c6eb1434659d71ed42b5485504058afb -> 
  custom:audio-encoder-webm-vorbis: bf7c407c2cedff20999df2af8eb42d56 -> 
  custom:scripting/monoscript/fileName/ScoreManager.cs: ad1381b2e25a36e1677084dbbd27eb4b -> 
  custom:scripting/monoscript/fileName/MusicManager.cs: 33e6c9b6c212762589028d5987ce8d1b -> 
  custom:scripting/precompiled-assembly-types:Assembly-CSharp: 336e09473730186699a09c23abd43b0e -> d6f577250278495e968e93454aaaae06
========================================================================
Received Prepare
Caller must complete domain reload
Begin MonoManager ReloadAssembly
- Loaded All Assemblies, in  0.783 seconds
Native extension for WindowsStandalone target not found
Native extension for Android target not found
Mono: successfully reloaded assembly
- Finished resetting the current domain, in  1.792 seconds
Domain Reload Profiling: 2571ms
	BeginReloadAssembly (272ms)
		ExecutionOrderSort (0ms)
		DisableScriptedObjects (16ms)
		BackupInstance (0ms)
		ReleaseScriptingObjects (0ms)
		CreateAndSetChildDomain (48ms)
	RebuildCommonClasses (58ms)
	RebuildNativeTypeToScriptingClass (13ms)
	initialDomainReloadingComplete (68ms)
	LoadAllAssembliesAndSetupDomain (367ms)
		LoadAssemblies (510ms)
		RebuildTransferFunctionScriptingTraits (0ms)
		AnalyzeDomain (28ms)
			TypeCache.Refresh (11ms)
				TypeCache.ScanAssembly (1ms)
			ScanForSourceGeneratedMonoScriptInfo (8ms)
			ResolveRequiredComponents (6ms)
	FinalizeReload (1793ms)
		ReleaseScriptCaches (0ms)
		RebuildScriptCaches (0ms)
		SetupLoadedEditorAssemblies (573ms)
			LogAssemblyErrors (0ms)
			InitializePlatformSupportModulesInManaged (26ms)
			SetLoadedEditorAssemblies (5ms)
			RefreshPlugins (0ms)
			BeforeProcessingInitializeOnLoad (97ms)
			ProcessInitializeOnLoadAttributes (392ms)
			ProcessInitializeOnLoadMethodAttributes (44ms)
			AfterProcessingInitializeOnLoad (8ms)
			EditorAssembliesLoaded (0ms)
		ExecutionOrderSort2 (0ms)
		AwakeInstancesAfterBackupRestoration (7ms)
Refreshing native plugins compatible for Editor in 5.52 ms, found 3 plugins.
Preloading 0 native plugins for Editor in 0.00 ms.
Unloading 3297 Unused Serialized files (Serialized files now loaded: 0)
Unloading 14 unused Assets / (28.6 KB). Loaded Objects now: 3979.
Memory consumption went from 136.9 MB to 136.8 MB.
Total: 3.944600 ms (FindLiveObjects: 0.496100 ms CreateObjectMapping: 0.200700 ms MarkObjects: 3.161400 ms  DeleteObjects: 0.084200 ms)

Prepare: number of updated asset objects reloaded= 0
AssetImportParameters requested are different than current active one (requested -> active):
  custom:scripting/monoscript/fileName/MainMenu.cs: 1c817acf410cd949481c65994e425af8 -> c093076ba5753d7bec74a8a751ffb653
  custom:container-demuxer-ogg: 62fdf1f143b41e24485cea50d1cbac27 -> 
  custom:scripting/monoscript/fileName/GameManager.cs: 591b9dda26c88c4b347cf9aba43e5441 -> 9933fbcc6190e2a9171c2ec8808a053e
  custom:video-codec-MediaFoundation-h265: 746d11721c4dcdbdad8f713fa42b33f4 -> 
  custom:scripting/monoscript/fileName/ItemSpawner.cs: 2cc964c35e3fa1b9c6b5076de77c6188 -> 4e8c3c7882809ad4f78d264785dff7a1
  custom:video-decoder-ogg-theora: a1e56fd34408186e4bbccfd4996cb3dc -> 
  custom:scripting/monoscript/fileName/WallManager.cs: 3bfde75fcb97f9ec0ae740bdb969516c -> a7fc8757609dc11f5e7dad4e9cb9424b
  custom:framework-win-MediaFoundation: 216162199b28c13a410421893ffa2e32 -> 
  custom:scripting/monoscript/fileName/ScoreManagerTests.cs: b9807a9b54dc14deb831dff02fb30a0e -> 
  custom:scripting/monoscript/fileName/PlayerController.cs: faa3893f82667bd64f70a0f446ae5e9e -> d93a52a180fbbe603a59e9aa6da73c83
  custom:scripting/monoscript/fileName/PlatformManager.cs: b343e4af90e5cbaeae6e03496c80978e -> 0586f90054b227c3639c89bda563293b
  custom:CustomObjectIndexerAttribute: 9a22284fe3817be447336de3de66b15e -> 
  custom:scripting/monoscript/fileName/UIManager.cs: 121681201746640b63b86afcf0727f8c -> 2595dc2cbd41cc2d023a3ebb28d87e9e
  custom:container-demuxer-webm: 4f35f7cbe854078d1ac9338744f61a02 -> 
  custom:scripting/monoscript/fileName/CameraFollow.cs: 32e45d4ec37a96336efaaee44ce39ea5 -> de990732cc429467f8f49571d0872163
  custom:container-muxer-webm: aa71ff27fc2769a1b78a27578f13a17b -> 
  custom:scripting/monoscript/fileName/CameraShake.cs: cf12dba3c564d8a7a207f8e9cc1ff9c2 -> 61b37e781c1c2a8a53b71db3ef951a2f
  custom:video-decoder-webm-vp8: 9c59270c3fd7afecdb556c50c9e8de78 -> 
  custom:scripting/monoscript/fileName/CollisionTests.cs: c06bf621d9863522ca448da2fa0be518 -> 
  custom:SearchIndexIgnoredProperties: e643bd26f0fe6173181afceb89e7c659 -> 
  custom:scripting/monoscript/fileName/ParticleAutoDestroy.cs: f810ec2591b8e4ebe2d8ab009a6b0e22 -> 98dba0c4d8f13b1a22fd1376d6a3b847
  custom:AudioImporter_EditorPlatform: d09bf68614088b80899f8185d706f6e7 -> 
  custom:scripting/monoscript/fileName/Hazard.cs: 41b66515f1c02c33450b0353c769b30b -> d5476c399ff03036a20eb0843c37d718
  custom:video-encoder-webm-vp8: eb34c28f22e8b96e1ab97ce403110664 -> 
  custom:audio-decoder-ogg-vorbis: bf7c407c2cedff20999df2af8eb42d56 -> 
  custom:scripting/precompiled-assembly-types:NewAssembly: a5ebb24fec1a72bd84e0684ce45b9333 -> 
  custom:scripting/monoscript/fileName/Collectible.cs: 3022fbb7e79c039a5843379ef7ee615a -> b86e3b51e1e8eabd47b104a8ce852c38
  custom:scripting/monoscript/fileName/LevelTests.cs: 1a156eb92be3078b1ce73f6815a6a4a4 -> 
  custom:scripting/precompiled-assembly-types:Tests: c6eb1434659d71ed42b5485504058afb -> 
  custom:audio-encoder-webm-vorbis: bf7c407c2cedff20999df2af8eb42d56 -> 
  custom:scripting/monoscript/fileName/ScoreManager.cs: ad1381b2e25a36e1677084dbbd27eb4b -> 
  custom:scripting/monoscript/fileName/MusicManager.cs: 33e6c9b6c212762589028d5987ce8d1b -> 
  custom:scripting/precompiled-assembly-types:Assembly-CSharp: 336e09473730186699a09c23abd43b0e -> d6f577250278495e968e93454aaaae06
========================================================================
Received Prepare
Caller must complete domain reload
Begin MonoManager ReloadAssembly
- Loaded All Assemblies, in  0.702 seconds
Native extension for WindowsStandalone target not found
Native extension for Android target not found
Mono: successfully reloaded assembly
- Finished resetting the current domain, in  2.413 seconds
Domain Reload Profiling: 3111ms
	BeginReloadAssembly (225ms)
		ExecutionOrderSort (0ms)
		DisableScriptedObjects (8ms)
		BackupInstance (0ms)
		ReleaseScriptingObjects (0ms)
		CreateAndSetChildDomain (45ms)
	RebuildCommonClasses (51ms)
	RebuildNativeTypeToScriptingClass (15ms)
	initialDomainReloadingComplete (36ms)
	LoadAllAssembliesAndSetupDomain (370ms)
		LoadAssemblies (473ms)
		RebuildTransferFunctionScriptingTraits (0ms)
		AnalyzeDomain (23ms)
			TypeCache.Refresh (9ms)
				TypeCache.ScanAssembly (0ms)
			ScanForSourceGeneratedMonoScriptInfo (0ms)
			ResolveRequiredComponents (10ms)
	FinalizeReload (2414ms)
		ReleaseScriptCaches (0ms)
		RebuildScriptCaches (0ms)
		SetupLoadedEditorAssemblies (772ms)
			LogAssemblyErrors (0ms)
			InitializePlatformSupportModulesInManaged (32ms)
			SetLoadedEditorAssemblies (6ms)
			RefreshPlugins (0ms)
			BeforeProcessingInitializeOnLoad (114ms)
			ProcessInitializeOnLoadAttributes (556ms)
			ProcessInitializeOnLoadMethodAttributes (48ms)
			AfterProcessingInitializeOnLoad (15ms)
			EditorAssembliesLoaded (0ms)
		ExecutionOrderSort2 (0ms)
		AwakeInstancesAfterBackupRestoration (16ms)
Refreshing native plugins compatible for Editor in 11.53 ms, found 3 plugins.
Preloading 0 native plugins for Editor in 0.00 ms.
Unloading 3297 Unused Serialized files (Serialized files now loaded: 0)
Unloading 14 unused Assets / (28.7 KB). Loaded Objects now: 3983.
Memory consumption went from 136.9 MB to 136.8 MB.
Total: 6.505900 ms (FindLiveObjects: 0.789300 ms CreateObjectMapping: 0.552400 ms MarkObjects: 5.040800 ms  DeleteObjects: 0.120800 ms)

Prepare: number of updated asset objects reloaded= 0
AssetImportParameters requested are different than current active one (requested -> active):
  custom:scripting/monoscript/fileName/MainMenu.cs: 1c817acf410cd949481c65994e425af8 -> c093076ba5753d7bec74a8a751ffb653
  custom:container-demuxer-ogg: 62fdf1f143b41e24485cea50d1cbac27 -> 
  custom:scripting/monoscript/fileName/GameManager.cs: 591b9dda26c88c4b347cf9aba43e5441 -> 9933fbcc6190e2a9171c2ec8808a053e
  custom:video-codec-MediaFoundation-h265: 746d11721c4dcdbdad8f713fa42b33f4 -> 
  custom:scripting/monoscript/fileName/ItemSpawner.cs: 2cc964c35e3fa1b9c6b5076de77c6188 -> 4e8c3c7882809ad4f78d264785dff7a1
  custom:video-decoder-ogg-theora: a1e56fd34408186e4bbccfd4996cb3dc -> 
  custom:scripting/monoscript/fileName/WallManager.cs: 3bfde75fcb97f9ec0ae740bdb969516c -> a7fc8757609dc11f5e7dad4e9cb9424b
  custom:framework-win-MediaFoundation: 216162199b28c13a410421893ffa2e32 -> 
  custom:scripting/monoscript/fileName/ScoreManagerTests.cs: b9807a9b54dc14deb831dff02fb30a0e -> 
  custom:scripting/monoscript/fileName/PlayerController.cs: faa3893f82667bd64f70a0f446ae5e9e -> d93a52a180fbbe603a59e9aa6da73c83
  custom:scripting/monoscript/fileName/PlatformManager.cs: b343e4af90e5cbaeae6e03496c80978e -> 0586f90054b227c3639c89bda563293b
  custom:CustomObjectIndexerAttribute: 9a22284fe3817be447336de3de66b15e -> 
  custom:scripting/monoscript/fileName/UIManager.cs: 121681201746640b63b86afcf0727f8c -> 2595dc2cbd41cc2d023a3ebb28d87e9e
  custom:container-demuxer-webm: 4f35f7cbe854078d1ac9338744f61a02 -> 
  custom:scripting/monoscript/fileName/CameraFollow.cs: 32e45d4ec37a96336efaaee44ce39ea5 -> de990732cc429467f8f49571d0872163
  custom:container-muxer-webm: aa71ff27fc2769a1b78a27578f13a17b -> 
  custom:scripting/monoscript/fileName/CameraShake.cs: cf12dba3c564d8a7a207f8e9cc1ff9c2 -> 61b37e781c1c2a8a53b71db3ef951a2f
  custom:video-decoder-webm-vp8: 9c59270c3fd7afecdb556c50c9e8de78 -> 
  custom:scripting/monoscript/fileName/CollisionTests.cs: c06bf621d9863522ca448da2fa0be518 -> 
  custom:SearchIndexIgnoredProperties: e643bd26f0fe6173181afceb89e7c659 -> 
  custom:scripting/monoscript/fileName/ParticleAutoDestroy.cs: f810ec2591b8e4ebe2d8ab009a6b0e22 -> 98dba0c4d8f13b1a22fd1376d6a3b847
  custom:AudioImporter_EditorPlatform: d09bf68614088b80899f8185d706f6e7 -> 
  custom:scripting/monoscript/fileName/Hazard.cs: 41b66515f1c02c33450b0353c769b30b -> d5476c399ff03036a20eb0843c37d718
  custom:video-encoder-webm-vp8: eb34c28f22e8b96e1ab97ce403110664 -> 
  custom:audio-decoder-ogg-vorbis: bf7c407c2cedff20999df2af8eb42d56 -> 
  custom:scripting/precompiled-assembly-types:NewAssembly: a5ebb24fec1a72bd84e0684ce45b9333 -> 
  custom:scripting/monoscript/fileName/Collectible.cs: 3022fbb7e79c039a5843379ef7ee615a -> b86e3b51e1e8eabd47b104a8ce852c38
  custom:scripting/monoscript/fileName/LevelTests.cs: 1a156eb92be3078b1ce73f6815a6a4a4 -> 
  custom:scripting/precompiled-assembly-types:Tests: c6eb1434659d71ed42b5485504058afb -> 
  custom:audio-encoder-webm-vorbis: bf7c407c2cedff20999df2af8eb42d56 -> 
  custom:scripting/monoscript/fileName/ScoreManager.cs: ad1381b2e25a36e1677084dbbd27eb4b -> 
  custom:scripting/monoscript/fileName/MusicManager.cs: 33e6c9b6c212762589028d5987ce8d1b -> 
  custom:scripting/precompiled-assembly-types:Assembly-CSharp: 336e09473730186699a09c23abd43b0e -> d6f577250278495e968e93454aaaae06
========================================================================
Received Prepare
Caller must complete domain reload
Begin MonoManager ReloadAssembly
- Loaded All Assemblies, in  1.005 seconds
Native extension for WindowsStandalone target not found
Native extension for Android target not found
Mono: successfully reloaded assembly
- Finished resetting the current domain, in  1.864 seconds
Domain Reload Profiling: 2864ms
	BeginReloadAssembly (440ms)
		ExecutionOrderSort (0ms)
		DisableScriptedObjects (6ms)
		BackupInstance (0ms)
		ReleaseScriptingObjects (0ms)
		CreateAndSetChildDomain (63ms)
	RebuildCommonClasses (59ms)
	RebuildNativeTypeToScriptingClass (12ms)
	initialDomainReloadingComplete (43ms)
	LoadAllAssembliesAndSetupDomain (445ms)
		LoadAssemblies (598ms)
		RebuildTransferFunctionScriptingTraits (0ms)
		AnalyzeDomain (41ms)
			TypeCache.Refresh (14ms)
				TypeCache.ScanAssembly (2ms)
			ScanForSourceGeneratedMonoScriptInfo (14ms)
			ResolveRequiredComponents (8ms)
	FinalizeReload (1865ms)
		ReleaseScriptCaches (0ms)
		RebuildScriptCaches (0ms)
		SetupLoadedEditorAssemblies (612ms)
			LogAssemblyErrors (0ms)
			InitializePlatformSupportModulesInManaged (36ms)
			SetLoadedEditorAssemblies (3ms)
			RefreshPlugins (0ms)
			BeforeProcessingInitializeOnLoad (86ms)
			ProcessInitializeOnLoadAttributes (443ms)
			ProcessInitializeOnLoadMethodAttributes (34ms)
			AfterProcessingInitializeOnLoad (10ms)
			EditorAssembliesLoaded (0ms)
		ExecutionOrderSort2 (0ms)
		AwakeInstancesAfterBackupRestoration (7ms)
Refreshing native plugins compatible for Editor in 8.30 ms, found 3 plugins.
Preloading 0 native plugins for Editor in 0.00 ms.
Unloading 3297 Unused Serialized files (Serialized files now loaded: 0)
Unloading 14 unused Assets / (28.6 KB). Loaded Objects now: 3987.
Memory consumption went from 136.9 MB to 136.8 MB.
Total: 3.855900 ms (FindLiveObjects: 0.564100 ms CreateObjectMapping: 0.275800 ms MarkObjects: 2.947400 ms  DeleteObjects: 0.067300 ms)

Prepare: number of updated asset objects reloaded= 0
AssetImportParameters requested are different than current active one (requested -> active):
  custom:scripting/monoscript/fileName/MainMenu.cs: 1c817acf410cd949481c65994e425af8 -> c093076ba5753d7bec74a8a751ffb653
  custom:container-demuxer-ogg: 62fdf1f143b41e24485cea50d1cbac27 -> 
  custom:scripting/monoscript/fileName/GameManager.cs: 591b9dda26c88c4b347cf9aba43e5441 -> 9933fbcc6190e2a9171c2ec8808a053e
  custom:video-codec-MediaFoundation-h265: 746d11721c4dcdbdad8f713fa42b33f4 -> 
  custom:scripting/monoscript/fileName/ItemSpawner.cs: 2cc964c35e3fa1b9c6b5076de77c6188 -> 4e8c3c7882809ad4f78d264785dff7a1
  custom:video-decoder-ogg-theora: a1e56fd34408186e4bbccfd4996cb3dc -> 
  custom:scripting/monoscript/fileName/WallManager.cs: 3bfde75fcb97f9ec0ae740bdb969516c -> a7fc8757609dc11f5e7dad4e9cb9424b
  custom:framework-win-MediaFoundation: 216162199b28c13a410421893ffa2e32 -> 
  custom:scripting/monoscript/fileName/ScoreManagerTests.cs: b9807a9b54dc14deb831dff02fb30a0e -> 
  custom:scripting/monoscript/fileName/PlayerController.cs: faa3893f82667bd64f70a0f446ae5e9e -> d93a52a180fbbe603a59e9aa6da73c83
  custom:scripting/monoscript/fileName/PlatformManager.cs: b343e4af90e5cbaeae6e03496c80978e -> 0586f90054b227c3639c89bda563293b
  custom:CustomObjectIndexerAttribute: 9a22284fe3817be447336de3de66b15e -> 
  custom:scripting/monoscript/fileName/UIManager.cs: 121681201746640b63b86afcf0727f8c -> 2595dc2cbd41cc2d023a3ebb28d87e9e
  custom:container-demuxer-webm: 4f35f7cbe854078d1ac9338744f61a02 -> 
  custom:scripting/monoscript/fileName/CameraFollow.cs: 32e45d4ec37a96336efaaee44ce39ea5 -> de990732cc429467f8f49571d0872163
  custom:container-muxer-webm: aa71ff27fc2769a1b78a27578f13a17b -> 
  custom:scripting/monoscript/fileName/CameraShake.cs: cf12dba3c564d8a7a207f8e9cc1ff9c2 -> 61b37e781c1c2a8a53b71db3ef951a2f
  custom:video-decoder-webm-vp8: 9c59270c3fd7afecdb556c50c9e8de78 -> 
  custom:scripting/monoscript/fileName/CollisionTests.cs: c06bf621d9863522ca448da2fa0be518 -> 
  custom:SearchIndexIgnoredProperties: e643bd26f0fe6173181afceb89e7c659 -> 
  custom:scripting/monoscript/fileName/ParticleAutoDestroy.cs: f810ec2591b8e4ebe2d8ab009a6b0e22 -> 98dba0c4d8f13b1a22fd1376d6a3b847
  custom:AudioImporter_EditorPlatform: d09bf68614088b80899f8185d706f6e7 -> 
  custom:scripting/monoscript/fileName/Hazard.cs: 41b66515f1c02c33450b0353c769b30b -> d5476c399ff03036a20eb0843c37d718
  custom:video-encoder-webm-vp8: eb34c28f22e8b96e1ab97ce403110664 -> 
  custom:audio-decoder-ogg-vorbis: bf7c407c2cedff20999df2af8eb42d56 -> 
  custom:scripting/precompiled-assembly-types:NewAssembly: a5ebb24fec1a72bd84e0684ce45b9333 -> 
  custom:scripting/monoscript/fileName/Collectible.cs: 3022fbb7e79c039a5843379ef7ee615a -> b86e3b51e1e8eabd47b104a8ce852c38
  custom:scripting/monoscript/fileName/LevelTests.cs: 1a156eb92be3078b1ce73f6815a6a4a4 -> 
  custom:scripting/precompiled-assembly-types:Tests: c6eb1434659d71ed42b5485504058afb -> 
  custom:audio-encoder-webm-vorbis: bf7c407c2cedff20999df2af8eb42d56 -> 
  custom:scripting/monoscript/fileName/ScoreManager.cs: ad1381b2e25a36e1677084dbbd27eb4b -> 
  custom:scripting/monoscript/fileName/MusicManager.cs: 33e6c9b6c212762589028d5987ce8d1b -> 
  custom:scripting/precompiled-assembly-types:Assembly-CSharp: 336e09473730186699a09c23abd43b0e -> d6f577250278495e968e93454aaaae06
========================================================================
Received Prepare
Caller must complete domain reload
Begin MonoManager ReloadAssembly
- Loaded All Assemblies, in  0.928 seconds
Native extension for WindowsStandalone target not found
Native extension for Android target not found
Mono: successfully reloaded assembly
- Finished resetting the current domain, in  2.454 seconds
Domain Reload Profiling: 3376ms
	BeginReloadAssembly (440ms)
		ExecutionOrderSort (0ms)
		DisableScriptedObjects (13ms)
		BackupInstance (0ms)
		ReleaseScriptingObjects (0ms)
		CreateAndSetChildDomain (52ms)
	RebuildCommonClasses (51ms)
	RebuildNativeTypeToScriptingClass (15ms)
	initialDomainReloadingComplete (60ms)
	LoadAllAssembliesAndSetupDomain (356ms)
		LoadAssemblies (676ms)
		RebuildTransferFunctionScriptingTraits (0ms)
		AnalyzeDomain (17ms)
			TypeCache.Refresh (8ms)
				TypeCache.ScanAssembly (0ms)
			ScanForSourceGeneratedMonoScriptInfo (0ms)
			ResolveRequiredComponents (6ms)
	FinalizeReload (2454ms)
		ReleaseScriptCaches (0ms)
		RebuildScriptCaches (0ms)
		SetupLoadedEditorAssemblies (790ms)
			LogAssemblyErrors (0ms)
			InitializePlatformSupportModulesInManaged (35ms)
			SetLoadedEditorAssemblies (5ms)
			RefreshPlugins (0ms)
			BeforeProcessingInitializeOnLoad (115ms)
			ProcessInitializeOnLoadAttributes (586ms)
			ProcessInitializeOnLoadMethodAttributes (40ms)
			AfterProcessingInitializeOnLoad (8ms)
			EditorAssembliesLoaded (0ms)
		ExecutionOrderSort2 (0ms)
		AwakeInstancesAfterBackupRestoration (11ms)
Refreshing native plugins compatible for Editor in 7.68 ms, found 3 plugins.
Preloading 0 native plugins for Editor in 0.00 ms.
Unloading 3297 Unused Serialized files (Serialized files now loaded: 0)
Unloading 14 unused Assets / (28.6 KB). Loaded Objects now: 3991.
Memory consumption went from 136.9 MB to 136.8 MB.
Total: 6.278900 ms (FindLiveObjects: 0.579800 ms CreateObjectMapping: 0.340100 ms MarkObjects: 5.263500 ms  DeleteObjects: 0.093200 ms)

Prepare: number of updated asset objects reloaded= 0
AssetImportParameters requested are different than current active one (requested -> active):
  custom:scripting/monoscript/fileName/MainMenu.cs: 1c817acf410cd949481c65994e425af8 -> c093076ba5753d7bec74a8a751ffb653
  custom:container-demuxer-ogg: 62fdf1f143b41e24485cea50d1cbac27 -> 
  custom:scripting/monoscript/fileName/GameManager.cs: 591b9dda26c88c4b347cf9aba43e5441 -> 9933fbcc6190e2a9171c2ec8808a053e
  custom:video-codec-MediaFoundation-h265: 746d11721c4dcdbdad8f713fa42b33f4 -> 
  custom:scripting/monoscript/fileName/ItemSpawner.cs: 2cc964c35e3fa1b9c6b5076de77c6188 -> 4e8c3c7882809ad4f78d264785dff7a1
  custom:video-decoder-ogg-theora: a1e56fd34408186e4bbccfd4996cb3dc -> 
  custom:scripting/monoscript/fileName/WallManager.cs: 3bfde75fcb97f9ec0ae740bdb969516c -> a7fc8757609dc11f5e7dad4e9cb9424b
  custom:framework-win-MediaFoundation: 216162199b28c13a410421893ffa2e32 -> 
  custom:scripting/monoscript/fileName/ScoreManagerTests.cs: b9807a9b54dc14deb831dff02fb30a0e -> 
  custom:scripting/monoscript/fileName/PlayerController.cs: faa3893f82667bd64f70a0f446ae5e9e -> d93a52a180fbbe603a59e9aa6da73c83
  custom:scripting/monoscript/fileName/PlatformManager.cs: b343e4af90e5cbaeae6e03496c80978e -> 0586f90054b227c3639c89bda563293b
  custom:CustomObjectIndexerAttribute: 9a22284fe3817be447336de3de66b15e -> 
  custom:scripting/monoscript/fileName/UIManager.cs: 121681201746640b63b86afcf0727f8c -> 2595dc2cbd41cc2d023a3ebb28d87e9e
  custom:container-demuxer-webm: 4f35f7cbe854078d1ac9338744f61a02 -> 
  custom:scripting/monoscript/fileName/CameraFollow.cs: 32e45d4ec37a96336efaaee44ce39ea5 -> de990732cc429467f8f49571d0872163
  custom:container-muxer-webm: aa71ff27fc2769a1b78a27578f13a17b -> 
  custom:scripting/monoscript/fileName/CameraShake.cs: cf12dba3c564d8a7a207f8e9cc1ff9c2 -> 61b37e781c1c2a8a53b71db3ef951a2f
  custom:video-decoder-webm-vp8: 9c59270c3fd7afecdb556c50c9e8de78 -> 
  custom:scripting/monoscript/fileName/CollisionTests.cs: c06bf621d9863522ca448da2fa0be518 -> 
  custom:SearchIndexIgnoredProperties: e643bd26f0fe6173181afceb89e7c659 -> 
  custom:scripting/monoscript/fileName/ParticleAutoDestroy.cs: f810ec2591b8e4ebe2d8ab009a6b0e22 -> 98dba0c4d8f13b1a22fd1376d6a3b847
  custom:AudioImporter_EditorPlatform: d09bf68614088b80899f8185d706f6e7 -> 
  custom:scripting/monoscript/fileName/Hazard.cs: 41b66515f1c02c33450b0353c769b30b -> d5476c399ff03036a20eb0843c37d718
  custom:video-encoder-webm-vp8: eb34c28f22e8b96e1ab97ce403110664 -> 
  custom:audio-decoder-ogg-vorbis: bf7c407c2cedff20999df2af8eb42d56 -> 
  custom:scripting/precompiled-assembly-types:NewAssembly: a5ebb24fec1a72bd84e0684ce45b9333 -> 
  custom:scripting/monoscript/fileName/Collectible.cs: 3022fbb7e79c039a5843379ef7ee615a -> b86e3b51e1e8eabd47b104a8ce852c38
  custom:scripting/monoscript/fileName/LevelTests.cs: 1a156eb92be3078b1ce73f6815a6a4a4 -> 
  custom:scripting/precompiled-assembly-types:Tests: c6eb1434659d71ed42b5485504058afb -> 
  custom:audio-encoder-webm-vorbis: bf7c407c2cedff20999df2af8eb42d56 -> 
  custom:scripting/monoscript/fileName/ScoreManager.cs: ad1381b2e25a36e1677084dbbd27eb4b -> 
  custom:scripting/monoscript/fileName/MusicManager.cs: 33e6c9b6c212762589028d5987ce8d1b -> 
  custom:scripting/precompiled-assembly-types:Assembly-CSharp: 336e09473730186699a09c23abd43b0e -> d6f577250278495e968e93454aaaae06
